Date,Country,Confirmed,Rainfall,Relative.humidity,Max.Temp,Min.Temp,Surface.Pressure,pm25_max,Max_Windspeed_10meters,Deaths
24-02-20,Afghanistan,0,1.53,62.94,12.25,0.91,78.88,260,4.57,0
25-02-20,Afghanistan,0,0.01,52.88,15.66,-1.62,78.87,191,4.46,0
26-02-20,Afghanistan,0,0,52.25,16.29,3.13,78.84,203,5.15,0
27-02-20,Afghanistan,0,7.59,67.45,12.8,0.21,78.46,242,10.25,0
28-02-20,Afghanistan,0,2.53,70.73,8.61,-1.68,78.53,151,2.23,0
29-02-20,Afghanistan,0,0.06,56.59,13.35,-2.92,78.58,162,2.6,0
01-03-20,Afghanistan,0,0,45.19,14.6,-0.89,78.73,284,3.86,0
02-03-20,Afghanistan,0,0.01,43.36,14.13,0.37,78.72,268,3.94,0
03-03-20,Afghanistan,0,1.26,61.24,12.19,2.52,78.41,227,5.69,0
04-03-20,Afghanistan,0,4.73,64.26,11.47,0.3,78.19,152,6.65,0
05-03-20,Afghanistan,0,12.75,75.83,5.56,-4.74,78.2,161,4.54,0
06-03-20,Afghanistan,0,0.01,45.63,10.95,-7.76,78.28,192,6.05,0
07-03-20,Afghanistan,0,0,46.7,7.26,-6.97,78.34,219,6.35,0
08-03-20,Afghanistan,4,0,36.64,9.3,-9.43,78.58,93,5.23,0
09-03-20,Afghanistan,0,0,51.89,6.02,-1.36,78.58,172,4.15,0
10-03-20,Afghanistan,1,0.61,69.67,3.38,-4.06,78.33,122,2.84,0
11-03-20,Afghanistan,2,0,49.41,7.63,-7.4,78.06,162,5.62,0
12-03-20,Afghanistan,0,0,52.27,11.34,-2.74,78.31,186,5.61,0
13-03-20,Afghanistan,0,0,39.06,14.61,-3.22,78.74,239,4.66,0
14-03-20,Afghanistan,4,0,39.4,15.05,-1.7,78.87,241,4.67,0
15-03-20,Afghanistan,5,0,54.42,14.73,2.57,78.89,228,5.06,0
16-03-20,Afghanistan,5,0,72.49,11.72,2.32,78.92,225,5.71,0
17-03-20,Afghanistan,1,0,68.58,12.95,1.9,79.03,206,3.26,0
18-03-20,Afghanistan,0,0.02,57.85,15.25,1.83,79.03,163,2.37,0
19-03-20,Afghanistan,0,0.74,64.28,14.43,1.71,78.73,159,3.37,0
20-03-20,Afghanistan,2,45.97,85,8.02,0.73,78.49,161,2.79,0
21-03-20,Afghanistan,0,0.51,56.36,13.69,-2.74,78.68,186,3.39,0
22-03-20,Afghanistan,16,2.01,71,11.72,1.72,78.69,184,5.85,1
23-03-20,Afghanistan,0,54.38,92.84,9.86,5.4,78.3,164,8.02,0
24-03-20,Afghanistan,34,12.34,78.86,7.64,0.58,78.28,91,6.53,0
25-03-20,Afghanistan,10,2.98,78.51,7.36,0.03,78.49,167,5.82,1
26-03-20,Afghanistan,10,2.07,77.13,8.4,-0.28,78.66,164,4.35,2
27-03-20,Afghanistan,16,3.44,70.87,10.29,-1.05,78.63,170,3.18,0
28-03-20,Afghanistan,0,1.16,62.22,12.26,0.49,78.72,175,4.02,0
29-03-20,Afghanistan,10,9.87,70.76,12.61,-0.14,78.66,114,5.93,0
30-03-20,Afghanistan,50,26.83,91.33,9.87,1.93,78.43,93,8,0
31-03-20,Afghanistan,4,5.29,80.28,9.75,1.87,78.4,80,6.7,0
01-04-20,Afghanistan,63,1.06,68.6,10.31,-0.47,78.69,167,4.45,0
02-04-20,Afghanistan,36,0.32,64.69,13.54,-3.11,78.85,184,4.39,2
03-04-20,Afghanistan,8,0.19,64.44,13.92,1.74,78.94,193,2.68,0
04-04-20,Afghanistan,18,24.37,76.19,13.24,2.06,78.81,167,1.45,1
05-04-20,Afghanistan,50,0.51,68.92,14,-1.16,78.86,134,4.39,0
06-04-20,Afghanistan,18,1.89,70.32,11.2,0.16,78.66,157,7.37,4
07-04-20,Afghanistan,56,0,63.19,14.66,-2.25,78.75,152,5.2,3
08-04-20,Afghanistan,21,4.99,70.05,14.98,2.82,78.73,158,5.5,0
09-04-20,Afghanistan,40,1.7,80.65,14.48,4.68,78.74,164,4.48,1
10-04-20,Afghanistan,37,2.3,84.96,14.11,3.5,78.96,109,5.72,0
11-04-20,Afghanistan,34,8.49,86.49,15.56,6,79.18,89,2.26,3
12-04-20,Afghanistan,52,13.91,82.6,16.06,8.17,79.03,107,4.26,0
13-04-20,Afghanistan,58,8.14,82.6,15.78,7.57,78.81,162,6.68,3
14-04-20,Afghanistan,49,8.38,83.46,13.65,4.32,78.63,152,5.65,2
15-04-20,Afghanistan,70,0.21,68.47,14.78,2.56,78.9,155,4.24,2
16-04-20,Afghanistan,56,3.95,70.44,14.2,3.97,78.7,139,4.31,5
17-04-20,Afghanistan,66,5.11,75.93,13.81,4.57,78.44,91,3.56,0
18-04-20,Afghanistan,27,0.15,69.24,14.97,1.53,78.7,89,4.03,0
19-04-20,Afghanistan,63,7.72,72.9,14.65,3.35,78.67,93,3.68,3
20-04-20,Afghanistan,30,0.01,65.84,16.77,1.75,78.69,157,2.87,3
21-04-20,Afghanistan,66,0.07,63.84,18.34,2.53,78.81,156,3.59,0
22-04-20,Afghanistan,84,0.3,64.47,18.52,6.53,78.68,157,3.39,4
23-04-20,Afghanistan,103,0.64,69.31,17.22,9.24,78.64,129,2.91,2
24-04-20,Afghanistan,72,1.5,68.35,17.42,8.51,78.58,152,2.45,1
25-04-20,Afghanistan,112,0.01,61.84,20.45,5.07,78.71,97,4.93,4
26-04-20,Afghanistan,68,0,56.88,22.7,5.75,78.86,127,3.23,3
27-04-20,Afghanistan,172,4.74,63.53,19.3,9.78,78.8,147,4.83,7
28-04-20,Afghanistan,125,0.17,59.05,21.01,10.39,78.82,119,6,1
29-04-20,Afghanistan,111,0.12,54.27,21.25,11.19,78.73,142,5.5,2
30-04-20,Afghanistan,232,13.36,63.4,20.68,8.72,78.89,172,6.51,4
01-05-20,Afghanistan,164,7.79,76.97,17.99,8.87,78.79,132,5.94,4
02-05-20,Afghanistan,134,4.39,68.82,18.42,9.57,78.65,149,3.84,4
03-05-20,Afghanistan,235,0.41,62.58,19.74,5.18,78.69,129,3.76,13
04-05-20,Afghanistan,190,1.11,61.98,18,7.39,78.83,122,5.45,5
05-05-20,Afghanistan,330,0.01,62.14,19.69,4.3,78.97,85,5.09,5
06-05-20,Afghanistan,168,0,57.06,21.67,3.4,78.85,74,5.13,9
07-05-20,Afghanistan,171,0.94,58.38,21.43,8.21,78.71,104,4.41,2
08-05-20,Afghanistan,215,3.36,61.65,12.27,0.13,78.7,112,7.53,3
09-05-20,Afghanistan,255,0,50.8,23.36,7.9,78.69,80,4.55,6
10-05-20,Afghanistan,369,0.01,56.2,23.76,7.1,78.79,158,4.56,5
11-05-20,Afghanistan,285,0,43.92,23.46,11.41,78.76,137,4.6,2
12-05-20,Afghanistan,276,4.87,59.86,21.72,12.25,78.49,82,8.52,5
13-05-20,Afghanistan,263,0.53,61.36,21.6,9.78,78.35,78,6.58,5
14-05-20,Afghanistan,413,0.2,59.26,18.97,8.23,78.54,163,3.73,4
15-05-20,Afghanistan,414,0.01,47.67,19.19,6.37,78.67,89,5.23,17
16-05-20,Afghanistan,349,0.01,51.51,19.83,3.98,78.61,102,4.82,15
17-05-20,Afghanistan,262,0,50.71,20.41,3.53,78.56,112,5.1,1
18-05-20,Afghanistan,408,0.11,58.93,19.51,4.22,78.66,114,7.43,4
19-05-20,Afghanistan,581,0.01,49.12,22.21,2.57,78.6,76,5.83,5
20-05-20,Afghanistan,492,0.02,50.28,22.68,5.5,78.57,89,5.79,9
21-05-20,Afghanistan,531,0.65,58.27,21.32,10.22,78.64,132,3.11,6
22-05-20,Afghanistan,540,0,51.22,24.8,7.64,78.62,108.62,4.71,12
23-05-20,Afghanistan,782,0,48.2,25.67,8.05,78.63,110.82,3.06,11
24-05-20,Afghanistan,584,0,42.89,26.26,10.41,78.81,107.19,3.51,2
25-05-20,Afghanistan,591,2.97,60.44,13.58,1.1,78.69,53,4.86,1
26-05-20,Afghanistan,658,0,46,27.09,8.84,78.74,76,9.24,1
27-05-20,Afghanistan,625,0,49.05,24.91,10.05,78.66,76,12.86,7
28-05-20,Afghanistan,580,0,52.54,23.68,9.75,78.52,102,10.6,8
29-05-20,Afghanistan,623,0.01,53.23,24.76,9.89,78.47,159,9.05,11
30-05-20,Afghanistan,866,0,45.74,25,8.18,78.53,93,8.07,3
31-05-20,Afghanistan,680,0,36.97,26.85,7.47,78.57,80,8.34,8
01-06-20,Afghanistan,545,0,36.95,25.7,7.05,78.6,119,8.74,8
02-06-20,Afghanistan,759,0,38.75,25.37,6.1,78.58,151,8.8,5
03-06-20,Afghanistan,758,0,39.05,25.81,7.4,78.46,137,8.97,24
04-06-20,Afghanistan,787,0,36.75,27.7,6.94,78.5,134,10.03,6
05-06-20,Afghanistan,915,0,37.57,27.99,8.94,78.64,153,10.58,9
06-06-20,Afghanistan,582,0,36.32,27.65,10.78,78.61,107,10.65,18
07-06-20,Afghanistan,791,0,32.56,27.78,7.47,78.47,151,9.64,30
08-06-20,Afghanistan,575,0,38.53,28.94,9.39,78.37,195,7.54,12
09-06-20,Afghanistan,542,0,35.63,28.2,8.75,78.48,240,8.12,15
10-06-20,Afghanistan,683,0,33.27,28.15,8.28,78.5,117,9.1,21
11-06-20,Afghanistan,748,0,30.3,28.37,7.53,78.31,194,9.47,21
12-06-20,Afghanistan,656,0,32.29,27.27,8,78.22,132,7.12,20
13-06-20,Afghanistan,556,0,31.15,27.65,8.34,78.24,95,6.67,5
14-06-20,Afghanistan,664,0,28.9,29.4,8.78,78.56,139,7.48,20
15-06-20,Afghanistan,761,0,29.22,29.91,8.93,78.6,87,9.52,7
16-06-20,Afghanistan,783,0,30.59,29.78,10.35,78.47,76,10.47,13
17-06-20,Afghanistan,564,0,29.75,29.64,10.28,78.26,87,9.11,13
18-06-20,Afghanistan,658,0,28.61,29.68,11.21,78.23,82,9.28,42
19-06-20,Afghanistan,346,0,27.19,30.06,10.56,78.25,172,8.22,2
20-06-20,Afghanistan,546,0,24.6,31.21,10.32,78.36,112,8.16,21
21-06-20,Afghanistan,409,0,21.6,33.07,11.02,78.29,161,7.28,12
22-06-20,Afghanistan,324,0,23.38,33.68,15.81,78.27,164,4.37,17
23-06-20,Afghanistan,324,0,26.06,34.49,16.38,78.39,167,8.05,20
24-06-20,Afghanistan,159,0,28.02,33.04,14.53,78.36,134,7.49,21
25-06-20,Afghanistan,535,0,33.61,30.24,12.72,78.31,151,7.21,36
26-06-20,Afghanistan,276,0,23.12,31.11,12.14,78.34,124,9.91,8
27-06-20,Afghanistan,165,0,25.23,31.77,11.39,78.38,155,9.74,20
28-06-20,Afghanistan,351,0,25.01,29.54,11.04,78.34,153,9.78,18
29-06-20,Afghanistan,271,0,23.29,32.43,12.6,78.17,112,7.27,12
30-06-20,Afghanistan,279,0.4,32.58,31.06,16.63,78.29,137,8.19,13
01-07-20,Afghanistan,319,0,23.12,33.21,15.44,78.36,151,7.92,28
02-07-20,Afghanistan,186,0.01,20.98,32.71,12.07,78.48,127,8.92,33
03-07-20,Afghanistan,302,0,19.55,33.46,12.73,78.4,97,9.02,12
04-07-20,Afghanistan,348,0,18.3,31.46,12.95,78.16,151,9.53,7
05-07-20,Afghanistan,279,0,20.73,30.21,11.22,77.92,112,9.11,38
06-07-20,Afghanistan,239,0.01,20.05,30.65,12.22,78.03,104,4.28,34
07-07-20,Afghanistan,194,0,18.34,31.35,16.97,78.25,153,5.36,22
08-07-20,Afghanistan,210,0,21.26,32.37,16.88,78.33,152,8.28,16
09-07-20,Afghanistan,314,0,22,32.14,13.18,78.13,107,7.99,21
10-07-20,Afghanistan,286,0,24.01,32.08,13.62,78.09,95,9.43,14
11-07-20,Afghanistan,172,0,27.12,31.41,13.61,78.07,154,11.51,23
12-07-20,Afghanistan,85,0,27.8,30.98,12.55,77.95,132,9.83,16
13-07-20,Afghanistan,4,0,27.11,30.55,12.72,78.05,151,6.06,2
14-07-20,Afghanistan,285,0.08,21.04,33.03,16.36,78.21,154,5.59,36
15-07-20,Afghanistan,254,0.03,24.36,34.18,15.47,78.26,170,8.29,46
16-07-20,Afghanistan,76,0.28,34.68,30.22,16.89,78.18,139,7.91,19
17-07-20,Afghanistan,159,0,29.04,31.7,15.6,78.2,159,4.79,34
18-07-20,Afghanistan,72,0.36,28.76,32.93,18.38,78.35,158,4.23,17
19-07-20,Afghanistan,174,0.09,27.06,33.48,15.94,78.31,147,9.08,17
20-07-20,Afghanistan,51,0,19.43,31.86,15.81,78.11,109,12.89,4
21-07-20,Afghanistan,89,0,19.01,30.77,14.58,78.16,95,11.12,1
22-07-20,Afghanistan,112,0,17.18,33.43,13.28,78.3,142,7.64,4
23-07-20,Afghanistan,201,0,14.26,34.99,14.43,78.26,117,6.55,21
24-07-20,Afghanistan,53,0,16.15,34.25,15.05,78.47,139,7.08,14
25-07-20,Afghanistan,55,0,15.69,35.45,15.28,78.6,134,5.56,23
26-07-20,Afghanistan,121,0,18.52,35.81,16.75,78.58,196,7.67,11
27-07-20,Afghanistan,106,0,17.65,35.1,15.99,78.46,114,7.96,10
28-07-20,Afghanistan,105,0,17.57,35.02,15.24,78.36,124,8.03,1
29-07-20,Afghanistan,103,0,15.23,35.32,14.55,78.32,119,8.46,1
30-07-20,Afghanistan,71,0,16.92,35.38,15.3,78.34,151,6.84,0
31-07-20,Afghanistan,133,0,19.23,34.23,15.51,78.28,129,7.06,1
01-08-20,Afghanistan,35,0,19.34,33.39,15.14,78.19,174,6.77,11
02-08-20,Afghanistan,0,0,12.41,34.18,16.37,78.14,132,5.32,1
03-08-20,Afghanistan,37,0,16.8,33.71,13.6,77.88,154,6.46,4
04-08-20,Afghanistan,35,0,18.13,33.24,13.96,77.86,147,11.87,0
05-08-20,Afghanistan,47,0,18.26,32.89,14.14,78.02,119,10.78,6
06-08-20,Afghanistan,67,0,13.62,34.06,15.03,78.28,152,4.62,4
07-08-20,Afghanistan,119,0,17.17,35.09,15.12,78.33,160,5.36,9
08-08-20,Afghanistan,39,0.03,27.31,34.91,18.27,78.18,182,7.52,5
09-08-20,Afghanistan,0,0,19.22,33.04,16.39,78.11,164,7.87,0
10-08-20,Afghanistan,108,0,18.45,34.18,13.84,78.09,161,7.73,16
11-08-20,Afghanistan,107,0,22.62,34.63,15.35,78.13,132,7.64,16
12-08-20,Afghanistan,76,0,16.26,34.82,17.15,78.12,157,4.07,10
13-08-20,Afghanistan,79,0,14.01,35.72,14.93,78.06,189,6.74,9
14-08-20,Afghanistan,7,0,12.67,35.42,14.59,78.04,127,6.75,0
15-08-20,Afghanistan,120,0,12.68,36.31,15.47,78.04,132,6.61,7
16-08-20,Afghanistan,45,0,10.73,36.55,15.63,78.1,153,5.47,5
17-08-20,Afghanistan,3,0,14.55,35.71,15.69,78.12,153,6.21,0
18-08-20,Afghanistan,0,0,18.25,35.24,16.18,78.13,163,6.38,0
19-08-20,Afghanistan,0,0,14.43,32.22,14.96,78,203,9.32,0
20-08-20,Afghanistan,257,0,11.71,33.03,12.19,78.06,147,8.76,10
21-08-20,Afghanistan,38,0,12.05,32.56,12.23,78.29,97,7.84,0
22-08-20,Afghanistan,59,0,14.51,32.68,15.79,78.36,109,4.8,0
23-08-20,Afghanistan,46,0,15.88,34.26,17.22,78.31,154,4.66,2
24-08-20,Afghanistan,55,0,15.49,35.66,16.89,78.23,127,4.94,2
25-08-20,Afghanistan,16,0.01,20,34.96,17.19,78.25,155,6.57,8
26-08-20,Afghanistan,43,0.22,31.88,32.21,18,78.24,147,7.7,4
27-08-20,Afghanistan,16,0,22.69,29.19,13.87,78.21,188,5.14,0
28-08-20,Afghanistan,11,0,21.19,29.9,12.31,78.21,124,5.61,1
29-08-20,Afghanistan,3,0,21.01,29.16,11.59,78.3,132,4.71,0
30-08-20,Afghanistan,19,0,21.75,29.95,11.37,78.34,107,9.17,0
31-08-20,Afghanistan,3,0,19.72,29.39,11.31,78.37,89,9.14,0
08-03-20,Bangladesh,3,2.06,72.57,29.07,19.94,101.12,412,2.85,0
09-03-20,Bangladesh,0,0,58.29,28.64,17.62,101.06,234,3.48,0
10-03-20,Bangladesh,0,0.06,50.98,29.16,18.46,101.09,264,3.56,0
11-03-20,Bangladesh,0,0,55.51,29.67,17.87,101.07,273,3.01,0
12-03-20,Bangladesh,0,0,58.23,32.09,18.99,101.19,271,2.34,0
13-03-20,Bangladesh,0,0,59.24,33.31,19.75,101.25,230,3.1,0
14-03-20,Bangladesh,0,0.01,60.72,32.6,19.85,101.14,326,6.48,0
15-03-20,Bangladesh,2,0.03,59.47,31.63,17.73,101.15,178,5.23,0
16-03-20,Bangladesh,3,0,59.78,31.87,18.45,101.2,194,3.97,0
17-03-20,Bangladesh,2,0,56.17,31.16,18.41,101.29,194,3.58,0
18-03-20,Bangladesh,4,0,52.09,31.76,19.47,101.16,245,3.74,1
19-03-20,Bangladesh,3,0,45.57,32.6,18.72,101.02,251,2.79,0
20-03-20,Bangladesh,3,0.44,47.76,31.71,18.84,100.95,361,2.62,0
21-03-20,Bangladesh,5,0.06,44.77,32.92,20.39,101.01,327,2.4,1
22-03-20,Bangladesh,2,9.49,59.32,30.12,21.6,101.15,163,2.07,0
23-03-20,Bangladesh,6,0.18,56.15,30.69,18.47,101.09,195,3.87,1
24-03-20,Bangladesh,6,0.63,51.68,31.59,20.07,100.92,299,1.53,1
25-03-20,Bangladesh,0,0.23,51.05,33.03,20.57,100.8,370,2.57,1
26-03-20,Bangladesh,5,0.14,48.29,34.3,21.09,100.86,317,2.34,0
27-03-20,Bangladesh,4,0,47.46,35.67,20.64,100.94,326,3.67,0
28-03-20,Bangladesh,0,0,49.35,36.76,21.82,100.72,204,4.92,0
29-03-20,Bangladesh,0,0,46.04,36.55,22.69,100.66,167,5.06,0
30-03-20,Bangladesh,1,0,36.79,36.16,21.06,100.79,164,5.3,0
31-03-20,Bangladesh,2,0,30.48,37.66,22.58,100.85,211,3.6,0
01-04-20,Bangladesh,3,0,31.3,37.88,22.78,100.7,260,3.36,1
02-04-20,Bangladesh,2,0.05,43.54,39.27,23.15,100.59,204,4.54,0
03-04-20,Bangladesh,5,0.46,46.61,38.73,24.8,100.74,236,3.95,0
04-04-20,Bangladesh,9,0.32,42.38,38.24,24.16,100.91,175,3.89,2
05-04-20,Bangladesh,18,0.09,40.61,38.49,23.89,100.88,203,3.36,1
06-04-20,Bangladesh,35,0.01,34.13,38.25,22.62,100.82,248,3.92,3
07-04-20,Bangladesh,41,0.03,36.83,38.92,22.62,100.64,175,5.39,5
08-04-20,Bangladesh,54,0.24,44.75,39.19,25.15,100.7,166,5.83,3
09-04-20,Bangladesh,112,1.2,50.09,37.89,24.8,100.75,177,4.58,1
10-04-20,Bangladesh,94,0.26,43.53,38.88,23.36,100.96,179,3.78,6
11-04-20,Bangladesh,58,0.29,43.32,38.4,25.83,101.02,163,4.57,3
12-04-20,Bangladesh,139,0.03,37.54,37.77,23.47,100.93,158,2.97,4
13-04-20,Bangladesh,182,0.02,41,38.66,23.98,100.75,198,3.17,5
14-04-20,Bangladesh,209,0.03,42.96,39.26,24.95,100.84,220,3.74,7
15-04-20,Bangladesh,219,0.36,45.9,39.09,25.84,100.86,158,3.47,4
16-04-20,Bangladesh,341,0.26,43.29,38.12,25.08,100.69,172,3.3,10
17-04-20,Bangladesh,266,0.77,48.39,40.13,25.48,100.6,119,5.08,15
18-04-20,Bangladesh,306,2.61,54.11,38.63,26.11,100.73,155,5.25,9
19-04-20,Bangladesh,312,1.16,49.79,39.17,25.68,100.73,167,4.48,7
20-04-20,Bangladesh,492,0.74,50.37,38.6,25.72,100.76,139,4.07,10
21-04-20,Bangladesh,434,1.74,51.95,36.83,26.68,100.79,184,3.95,9
22-04-20,Bangladesh,390,0.83,44.45,36.62,24.63,100.77,198,3,10
23-04-20,Bangladesh,414,0.68,48.29,35.28,25.15,100.76,185,3.04,7
24-04-20,Bangladesh,503,3.53,55.93,35.04,24.35,100.7,163,3.42,4
25-04-20,Bangladesh,309,3.73,61.9,34.69,23.82,100.74,180,2.42,9
26-04-20,Bangladesh,418,12.49,68.18,33.96,24.83,100.93,154,2.95,5
27-04-20,Bangladesh,497,18.8,60.96,34.26,23.87,101.07,139,3.41,7
28-04-20,Bangladesh,549,3.23,64.31,31.81,24.09,101,169,2.57,3
29-04-20,Bangladesh,641,4.78,65.52,33.04,23.71,100.79,156,3.06,8
30-04-20,Bangladesh,564,2.43,61.34,34.75,23.76,100.85,195,2.44,5
01-05-20,Bangladesh,571,2.29,62.64,33.78,24.15,100.75,197,2.24,2
02-05-20,Bangladesh,552,5.61,65.79,33.94,24.8,100.62,183,2.8,5
03-05-20,Bangladesh,665,5.11,65.21,34.42,24.11,100.61,173,2.94,2
04-05-20,Bangladesh,688,0.64,57.28,36.79,24.47,100.7,177,2.7,5
05-05-20,Bangladesh,786,1.59,58.22,37.32,26.06,100.6,222,3.43,1
06-05-20,Bangladesh,790,3.05,59.8,35.51,26.64,100.63,174,2.88,3
07-05-20,Bangladesh,706,0.01,49.64,37.13,24.61,100.64,322,2.16,13
08-05-20,Bangladesh,709,1.49,56.94,31.28,19.13,101.08,223,2.47,7
09-05-20,Bangladesh,636,0.17,46.05,39.08,25.39,100.62,352,2.44,8
10-05-20,Bangladesh,887,0.31,46.51,39,26.54,100.65,187,1.99,14
11-05-20,Bangladesh,1034,0.29,45.17,38.83,27.39,100.65,198,1.44,11
12-05-20,Bangladesh,969,0.05,42.52,39.48,27.1,100.57,161,2.54,11
13-05-20,Bangladesh,1162,0.06,42.48,39.86,26.62,100.51,163,4.09,19
14-05-20,Bangladesh,1041,0.24,45.19,39.89,27.34,100.52,196,3.65,14
15-05-20,Bangladesh,1202,0.88,50.09,39.26,27.66,100.35,174,3.53,15
16-05-20,Bangladesh,930,0.21,47.74,40.82,27.57,100.25,238,5.31,16
17-05-20,Bangladesh,1273,0.21,47.63,40.32,27.6,100.22,159,4.53,14
18-05-20,Bangladesh,1602,0.01,43.28,40.8,27.66,100.09,177,4.01,21
19-05-20,Bangladesh,1251,5.53,56.06,35.77,27.38,100.06,192,3.47,21
20-05-20,Bangladesh,1617,51.41,79.51,31.87,24.63,99.78,210.92,8.28,16
21-05-20,Bangladesh,1773,60.43,78.12,33.66,27.11,99.64,202.38,12.62,22
22-05-20,Bangladesh,1694,2.59,69.35,33.59,26.08,100.2,200.79,4.9,24
23-05-20,Bangladesh,1873,0.21,63.51,37.91,26.4,100.35,189.16,4.99,20
24-05-20,Bangladesh,1532,0.48,68.06,37.76,26.43,100.31,189.33,6.88,28
25-05-20,Bangladesh,1975,2.31,56.61,32.17,20.14,100.98,188.66,3.47,21
26-05-20,Bangladesh,1166,11.13,85.62,32.41,26.42,100.35,112,11.01,21
27-05-20,Bangladesh,1541,69.85,89.35,31.59,26.04,100.37,132,9.36,22
28-05-20,Bangladesh,2029,27.77,86.04,30.89,25.3,100.42,152,6.43,15
29-05-20,Bangladesh,2523,22.18,85.27,31.14,25.07,100.47,161,5.18,23
30-05-20,Bangladesh,1764,14.66,86.06,31.88,25.58,100.54,151,5.57,28
31-05-20,Bangladesh,2545,7.7,83.99,31.34,25.71,100.68,159,4.7,40
01-06-20,Bangladesh,2381,4.84,88.17,30.85,25.94,100.65,220,6.99,22
02-06-20,Bangladesh,2911,7.19,89.84,30.79,25.84,100.51,301,6.71,37
03-06-20,Bangladesh,2695,8.01,88.12,30.84,25.94,100.46,142,6.67,37
04-06-20,Bangladesh,2423,30.94,88.27,31.8,25.99,100.41,158,5.85,35
05-06-20,Bangladesh,2828,16.27,91.37,30.07,26.03,100.35,198,6.5,30
06-06-20,Bangladesh,2635,14.5,91.96,29.77,26.84,100.22,162,6.82,35
07-06-20,Bangladesh,2743,10.94,85.7,32.16,26.1,100.11,175,4.86,42
08-06-20,Bangladesh,2735,14.44,87.3,31.46,26.26,100.12,192,4.61,42
09-06-20,Bangladesh,3171,9.42,84.48,32.28,26.42,100.15,183,3.99,45
10-06-20,Bangladesh,3190,16.13,89.91,30.22,26.59,100.14,177,4.49,37
11-06-20,Bangladesh,3187,16.98,93.95,29.62,26.47,100.04,164,7.39,37
12-06-20,Bangladesh,3471,7.61,91.52,31.05,26.31,99.97,112,8,46
13-06-20,Bangladesh,2856,40.76,94.8,29.83,27.18,100.02,114,6.84,44
14-06-20,Bangladesh,3141,9.53,92.86,30.54,26.85,100.13,162,6.85,32
15-06-20,Bangladesh,3099,13.47,92.44,31.19,26.64,100.02,157,6.12,38
16-06-20,Bangladesh,3862,16.16,89.49,31.3,26.85,99.89,171,6.55,53
17-06-20,Bangladesh,4008,34.35,94.35,29.06,26.78,99.78,200,8.16,43
18-06-20,Bangladesh,3803,17.04,92.86,30.05,26.26,99.99,134,8.47,38
19-06-20,Bangladesh,3243,18.12,89.92,31.76,26.35,100.07,154,7.55,45
20-06-20,Bangladesh,3240,20.44,90.79,31.02,26.75,100.1,155,6.48,37
21-06-20,Bangladesh,3531,9.36,90.76,31.05,26.44,99.96,127,8.42,39
22-06-20,Bangladesh,3480,4.43,89.85,30.73,26.14,100.05,151,8.66,38
23-06-20,Bangladesh,3412,6.1,88.91,32.01,26.46,100.32,159,6.35,43
24-06-20,Bangladesh,3462,4.98,88.3,32.15,26.37,100.42,162,6.47,37
25-06-20,Bangladesh,3946,2.54,90.08,31.55,26.74,100.28,129,7.89,39
26-06-20,Bangladesh,3868,7.12,92.6,30.28,26.92,100.19,152,7.89,40
27-06-20,Bangladesh,3504,18.55,89.67,30.97,26.88,100.17,119,7.49,34
28-06-20,Bangladesh,3809,6.01,90.02,30.42,26.34,100.21,181,8.04,43
29-06-20,Bangladesh,4014,9.76,86.11,32.17,25.77,100.23,226,6.14,45
30-06-20,Bangladesh,3682,4.73,87.47,32.27,26.25,100.18,151,6.32,64
01-07-20,Bangladesh,3775,4.58,89.29,31.13,26.77,100.09,99,6.98,41
02-07-20,Bangladesh,4019,2.68,90.73,31.07,26.81,99.98,155,6.01,38
03-07-20,Bangladesh,3114,1.87,87.56,32,26.64,100.01,174,5.12,42
04-07-20,Bangladesh,3288,11.58,89.55,31.81,26.95,99.96,165,6.01,29
05-07-20,Bangladesh,2738,7.87,91.3,30.2,27.05,99.79,152,7.22,55
06-07-20,Bangladesh,3201,7.08,91.01,31.09,27.15,99.8,99,8.42,44
07-07-20,Bangladesh,3027,7.99,90.31,31.93,26.89,100.15,129,7.69,55
08-07-20,Bangladesh,3489,4.55,89.24,31.97,27.1,100.21,181,6.54,46
09-07-20,Bangladesh,3360,22.16,91.77,31.18,26.98,100.05,85,8.02,41
10-07-20,Bangladesh,2949,17.65,91.08,31.21,27.29,100,78,9.78,37
11-07-20,Bangladesh,2686,32.65,93.37,29.68,27.16,99.95,89,8.02,30
12-07-20,Bangladesh,2666,28.81,91.13,30.64,26.7,100,201,7.03,47
13-07-20,Bangladesh,3099,8.88,88.9,32.13,26.58,99.97,194,6.72,39
14-07-20,Bangladesh,3163,14.06,90.54,30.91,26.29,100.16,157,7.01,33
15-07-20,Bangladesh,3533,6.13,88.33,32.27,26.1,100.17,326,6.7,33
16-07-20,Bangladesh,2733,3.92,87.11,31.98,26.26,100.14,165,6.75,39
17-07-20,Bangladesh,3034,3.08,87.73,32.05,26.5,100.17,168,6.35,51
18-07-20,Bangladesh,2709,8.89,92.03,30.38,26.81,100.27,185,5.98,34
19-07-20,Bangladesh,2459,22.11,89.88,31.56,26.49,100.21,114,8.89,37
20-07-20,Bangladesh,2928,36.42,94.09,29.54,26.76,100.18,186,8.11,50
21-07-20,Bangladesh,3057,41.29,94.31,29.36,26.78,100.27,246,8.12,41
22-07-20,Bangladesh,2744,40.21,92.31,29.68,25.87,100.23,170,7.19,42
23-07-20,Bangladesh,2856,15.5,90.57,30.88,25.39,100.2,179,6.37,50
24-07-20,Bangladesh,2548,8.9,91.44,30.46,26.26,100.49,180,6.28,35
25-07-20,Bangladesh,2520,2.05,88.14,31.64,25.69,100.53,174,4.94,38
26-07-20,Bangladesh,2275,1.45,86.14,32.46,26.32,100.42,124,5.24,54
27-07-20,Bangladesh,2772,10.66,91.12,30.5,26.85,100.27,127,4.88,37
28-07-20,Bangladesh,2960,22.01,88.93,31.47,26.46,100.28,171,6.96,35
29-07-20,Bangladesh,3009,19.53,89.15,31.59,26.4,100.35,182,6.74,35
30-07-20,Bangladesh,2695,1.91,88.54,31.29,26.42,100.4,158,5.75,48
31-07-20,Bangladesh,2772,2.91,85.76,32.34,26.26,100.27,117,5.68,28
01-08-20,Bangladesh,2199,7.42,84.67,32.72,27.18,100.05,124,3.58,21
02-08-20,Bangladesh,886,11.52,84.5,32.16,26.83,99.8,155,4.27,22
03-08-20,Bangladesh,1356,0.56,79.17,34.53,26.74,99.42,158,3.85,30
04-08-20,Bangladesh,1918,7.75,87.7,31.97,28.19,99.11,152,4.68,50
05-08-20,Bangladesh,2654,17.12,89.33,32.35,27.4,99.39,68,9.73,33
06-08-20,Bangladesh,2977,16.83,92.57,30.29,27.19,100.02,129,7.02,39
07-08-20,Bangladesh,2851,31.73,90.12,31.47,27.1,100.04,166,7.27,27
08-08-20,Bangladesh,2611,13.17,89.69,31.4,26.75,99.94,179,6.25,32
09-08-20,Bangladesh,2487,9.83,90.01,31.48,26.84,99.95,132,7.41,34
10-08-20,Bangladesh,2907,6.72,88.99,31.94,26.62,100.02,189,5.51,39
11-08-20,Bangladesh,2996,13.48,91.02,30.94,26.97,99.94,161,6.87,33
12-08-20,Bangladesh,2995,5.09,88.12,32.4,26.83,99.96,153,6.35,42
13-08-20,Bangladesh,2617,1.24,86.59,32.56,26.78,99.83,160,5.97,44
14-08-20,Bangladesh,2766,2.63,87.46,32.12,26.3,99.67,171,6.78,34
15-08-20,Bangladesh,2644,13.13,92.63,30.04,26.35,99.62,65,10.25,34
16-08-20,Bangladesh,2024,5.3,88.27,32.1,26.21,99.76,89,8.52,32
17-08-20,Bangladesh,2595,10.82,91.7,30.52,26.5,99.83,163,8.24,37
18-08-20,Bangladesh,3200,9.57,89.82,31.59,26.23,99.84,161,6.83,46
19-08-20,Bangladesh,2747,29.82,90.95,29.93,25.99,99.8,82,10.83,41
20-08-20,Bangladesh,2868,60.36,93.73,28.33,25.96,100.07,91,11.65,41
21-08-20,Bangladesh,2401,9.51,91.32,29.66,25.91,100.44,174,8.99,39
22-08-20,Bangladesh,2265,25.65,93.5,29.33,26.23,100.38,177,6.41,46
23-08-20,Bangladesh,1973,5.71,87.83,31.45,25.82,100.24,197,4.8,34
24-08-20,Bangladesh,2485,4.06,85.49,31.82,25.62,100.09,236,4.32,42
25-08-20,Bangladesh,2545,5.83,90.12,31.36,26.21,100.12,76,8.22,45
26-08-20,Bangladesh,2519,34.79,90.02,31.03,25.3,100.21,89,10.34,54
27-08-20,Bangladesh,2436,38.58,92.71,29.81,25.88,100.3,161,7.7,45
28-08-20,Bangladesh,2211,3.97,89.04,31.24,25.32,100.22,181,6.02,47
29-08-20,Bangladesh,2131,1.98,87.37,31.85,25.86,100.24,187,5.68,32
30-08-20,Bangladesh,1897,2.25,87.84,31.63,26.2,100.28,160,5.11,42
31-08-20,Bangladesh,2174,5.34,87.11,31.9,26.39,100.3,172,4.34,33
30-01-20,India,1,0,48.65,25.88,10.5,96.72,199.39,5.09,0
31-01-20,India,0,0,48.82,25.95,8.51,96.56,230.87,4.68,0
01-02-20,India,0,0.06,53.33,26.49,10.66,96.66,227.57,4.48,0
02-02-20,India,1,0.02,55.82,26.05,10.14,96.87,229.96,5.23,0
03-02-20,India,1,0.34,66.75,25.44,12.21,96.79,299.61,4.38,0
04-02-20,India,0,0.67,74.52,27.6,14.76,96.55,266.78,4.11,0
05-02-20,India,0,0.28,70.5,26.48,14.09,96.63,232.52,4.24,0
06-02-20,India,0,1.07,70.92,26.97,13.58,96.53,238.04,3.7,0
07-02-20,India,0,1.26,79.68,24.38,15.6,96.62,239.87,5.02,0
08-02-20,India,0,0.03,66.7,25.62,12.36,96.84,309.09,6.6,0
09-02-20,India,0,0,51.89,25.36,8.43,97.02,234.09,5.78,0
10-02-20,India,0,0,55.05,26.38,9.34,96.91,257.36,4.3,0
11-02-20,India,0,0,60.6,27.83,12.47,96.92,291.52,3.52,0
12-02-20,India,0,0,55.58,29.32,13.09,96.99,272.68,3.64,0
13-02-20,India,0,0,38.78,30.86,14.18,96.82,254.45,2.57,0
14-02-20,India,0,0,41.22,31.93,13.32,96.53,234.09,3.97,0
15-02-20,India,0,0,37.44,31.6,12.87,96.54,274,3.98,0
16-02-20,India,0,0,35.37,31.68,12.67,96.72,248.82,4.05,0
17-02-20,India,0,0,29.08,32.05,12.4,96.8,295.77,4.56,0
18-02-20,India,0,0,27.09,32.32,11.66,96.7,251.23,3.53,0
19-02-20,India,0,0,29.28,31.59,12.29,96.61,282.87,3.83,0
20-02-20,India,0,0,44.01,32.43,12.6,96.52,193.09,4.4,0
21-02-20,India,0,0.11,49.74,32.39,15.49,96.7,215.14,4.82,0
22-02-20,India,0,0.26,45.56,33,18.96,96.8,214.86,3.85,0
23-02-20,India,0,0,42.32,33.37,17.14,96.64,224.86,3.8,0
24-02-20,India,0,0.14,35.93,33.25,18.55,96.36,186.5,4.59,0
25-02-20,India,0,0,33.78,30.6,14.93,96.45,233.68,5.37,0
26-02-20,India,0,0,31.4,31.36,13.62,96.61,236.61,3.08,0
27-02-20,India,0,0,35.75,31.76,13.5,96.61,195.74,3.32,0
28-02-20,India,0,0,39.92,32.03,13.85,96.47,198.5,4.88,0
29-02-20,India,0,0,39.82,32.52,15,96.36,211.22,5.8,0
01-03-20,India,0,1.03,39.15,33.72,15.53,96.37,236.87,4.96,0
02-03-20,India,2,2.26,42.59,33.02,17.97,96.36,231.3,4.62,0
03-03-20,India,0,0,33.1,34.34,17.17,96.24,196.87,5.07,0
04-03-20,India,23,0,29.05,33.57,16.59,96.19,224.22,4.67,0
05-03-20,India,2,0,30.22,32.84,16.7,96.12,218.3,4.98,0
06-03-20,India,1,0.04,30.59,32.32,16.46,96.12,169,6.03,0
07-03-20,India,3,0,33.42,32.83,16.4,96.41,210.65,4.97,0
08-03-20,India,39,0.03,27.62,33.81,16.13,96.48,218.74,5.04,0
09-03-20,India,4,0.54,36.69,31.33,17.02,96.39,229.64,5.18,0
10-03-20,India,13,1.79,48.42,34.49,20.76,96.16,217.95,6,0
11-03-20,India,6,0.47,40.94,33.55,21.48,96.2,167.04,6.89,1
12-03-20,India,11,0.04,35.54,34.66,19.59,96.37,176.61,4.26,0
13-03-20,India,9,0.5,36.96,33.82,20.76,96.43,171.48,4.73,1
14-03-20,India,20,0.1,27.98,34.44,19.42,96.39,191.68,4.03,0
15-03-20,India,11,0,18.53,33.41,15.76,96.48,213.27,5.64,0
16-03-20,India,6,0,25.24,33.67,16.7,96.56,184.26,4.47,0
17-03-20,India,23,1.91,32.85,35.67,18.17,96.58,257.22,4.2,1
18-03-20,India,14,7.47,46.95,32.32,20.76,96.56,202.57,4.63,0
19-03-20,India,38,0.66,48.4,35.24,18,96.31,268.3,5.08,1
20-03-20,India,50,0.17,43.25,33.56,17.94,96.3,195.91,4.57,1
21-03-20,India,86,0,42.14,34.75,17.34,96.28,233.43,3.07,-1
22-03-20,India,66,0.02,32.2,35.03,17.21,96.39,182.57,2.94,3
23-03-20,India,103,0,34.37,35.69,18.22,96.32,174.41,3.02,3
24-03-20,India,37,0,34.96,37.02,18.89,96.17,222.59,3.05,0
25-03-20,India,121,3.41,38.38,37.16,20.96,96.18,149.68,3.96,2
26-03-20,India,70,8,53.04,33.54,21.84,96.35,163.73,3.52,8
27-03-20,India,160,0.48,49.58,36.06,21.36,96.4,196.95,4.51,0
28-03-20,India,100,0.4,51.43,34.99,21.18,96.42,177.86,4.2,4
29-03-20,India,37,3.16,49.27,35.83,21.71,96.26,140.18,2.65,3
30-03-20,India,227,3.98,54.53,32.01,22.52,96.38,220.91,3.9,5
31-03-20,India,146,0,32.33,39.56,23.48,96.26,185.91,4.97,3
01-04-20,India,601,0,23.06,39.71,23.51,96.19,193.14,4.95,23
02-04-20,India,545,0,21.74,39.54,21.85,96.11,180.36,4.95,14
03-04-20,India,24,0,22.95,38.54,22.49,96.21,189.14,6.15,0
04-04-20,India,515,0.28,31.02,38.87,22.37,96.26,190.68,5.05,14
05-04-20,India,506,0,34.87,38.18,23.35,96.35,193.09,4.83,13
06-04-20,India,1190,0,29.63,39.27,23.41,96.26,196,5.79,37
07-04-20,India,533,0,22.17,40.68,24.65,96.05,200.59,4.95,14
08-04-20,India,605,0,19.22,39.64,22.5,96.12,170,5.85,28
09-04-20,India,809,0,17.68,39.53,22.03,96.16,204.35,5.19,48
10-04-20,India,873,0,19.46,39.5,22.26,96.3,239.3,3.02,20
11-04-20,India,848,0,20.56,40.17,23.39,96.46,229.61,4.63,42
12-04-20,India,759,0,19.06,41.54,24.94,96.28,185.87,2.81,43
13-04-20,India,1248,0,17.47,42.02,26.2,96.1,263.32,1.5,27
14-04-20,India,1034,0,20.47,41.71,24.69,96.15,221.14,2.9,35
15-04-20,India,835,0,19.81,41.59,25.36,96.22,246.77,4.26,12
16-04-20,India,1108,0,19.77,41.94,25.36,96.05,269.3,3.43,43
17-04-20,India,922,0,17.37,42.68,26.1,95.98,193,4.55,38
18-04-20,India,1370,0,20.34,42.48,25.86,96.08,213.83,4.27,35
19-04-20,India,1893,0,21.84,41.05,27.68,96.08,178.26,3.35,38
20-04-20,India,924,0,19.6,41.59,26.36,96.03,183.91,4.38,33
21-04-20,India,1541,0,18.61,41.59,25.66,96.01,179.17,6.21,53
22-04-20,India,1290,0,21.44,40.52,25.18,95.94,191.65,4.66,36
23-04-20,India,1707,0,20.87,42.23,27.23,95.88,251.39,5.15,40
24-04-20,India,1453,0,21.99,42.06,26.8,95.79,223.95,6.04,59
25-04-20,India,1753,0,21.59,41.2,26.9,95.85,206.68,8.17,45
26-04-20,India,1607,0,18.56,40.99,24.61,95.95,188.26,5.28,56
27-04-20,India,1561,0,21.83,41.24,27.6,96.09,159.09,3.94,58
28-04-20,India,1873,0,21.24,40.87,25.53,96.13,199.43,4.47,69
29-04-20,India,1738,0,20.04,41.7,25.47,96.03,182.57,4.16,71
30-04-20,India,1801,0,20.71,41.87,26.22,96.05,176.87,3.82,75
01-05-20,India,2394,0,19.94,42.75,27.68,95.97,191.57,4.39,69
02-05-20,India,2442,0,16.2,44.11,27.56,95.79,202.52,5,100
03-05-20,India,2806,0,15.24,44.26,27.36,95.81,166.17,7.97,68
04-05-20,India,3932,0,17.29,44.19,27.26,95.9,170.61,5.79,175
05-05-20,India,2963,0,21.59,42.74,28.95,95.86,191.48,6.75,127
06-05-20,India,3587,0,20.33,42.22,28.36,95.85,199.73,4.9,92
07-05-20,India,3364,0,22.22,42.13,28.33,95.9,179.48,5.78,104
08-05-20,India,3344,0.39,35.84,35.06,19.21,96.35,252.65,6.9,96
09-05-20,India,3113,0,16.93,43.6,27.58,95.92,222,2.48,116
10-05-20,India,4353,0.67,23.77,41.83,29.85,96.01,247.91,4.51,111
11-05-20,India,3607,0.14,25.31,41.87,27.85,96.08,253.74,4.12,82
12-05-20,India,3524,0,21.47,41.83,27.71,95.97,219.52,4.16,121
13-05-20,India,3763,0,22.96,42.1,28.94,95.87,227.13,6.93,136
14-05-20,India,3942,0.08,25.23,42.26,29.73,95.85,207.61,3.74,98
15-05-20,India,3787,0.08,28.47,42.04,30.22,95.78,221.61,6.52,104
16-05-20,India,4864,0,24.7,43.44,28.87,95.66,226.13,6.5,118
17-05-20,India,5050,0,22.5,42.63,29.72,95.61,216.87,4.23,154
18-05-20,India,4630,0,19.88,42.93,30.25,95.41,237.91,3.31,131
19-05-20,India,6147,0.01,17.01,43.14,30.9,95.36,235.87,6.75,146
20-05-20,India,5553,0,12.12,43.91,26.77,95.31,217.3,7.78,132
21-05-20,India,6198,0,10.93,43.58,26.42,95.45,203.35,7.03,150
22-05-20,India,6568,0,14.32,44.7,27.27,95.57,189.52,10.52,142
23-05-20,India,6629,0,16.3,45.01,29.58,95.64,181.43,8.83,142
24-05-20,India,7113,0,15.52,45.38,30.19,95.7,153.22,7.38,156
25-05-20,India,6414,0.35,33.72,36.13,20.49,96.26,162.3,4.77,148
26-05-20,India,5843,0,15.83,45.4,29.99,95.72,157.26,8.97,172
27-05-20,India,7293,0,17.9,44.66,28.15,95.61,187.83,9.93,190
28-05-20,India,7300,0,24.01,44.16,28.03,95.51,156.7,10.89,177
29-05-20,India,8105,0,27.43,43.29,28.85,95.57,156,9.84,269
30-05-20,India,8336,0.32,31.19,41.3,29.69,95.7,176.87,8.31,205
31-05-20,India,8782,0.12,29.14,40.97,30.29,95.85,124.83,7.47,223
01-06-20,India,7761,5.4,43.39,37.99,28.46,96.02,178.61,8.2,200
02-06-20,India,8821,6.55,53.37,33.88,25.88,95.97,173.95,5.45,221
03-06-20,India,9633,31.64,77.11,29.01,24.14,95.85,171.14,5.99,259
04-06-20,India,9889,6.01,73.4,31.54,22.14,95.39,173.13,15.52,275
05-06-20,India,9471,1.65,64.42,33.32,20.5,95.72,161.91,7.77,286
06-06-20,India,10438,2.29,53.9,35.58,23.01,95.69,218.3,6.9,297
07-06-20,India,10864,2.16,56.89,35.44,23.19,95.66,189.35,7.06,261
08-06-20,India,8442,0.73,59.15,35.31,24.08,95.65,189.22,8.23,266
09-06-20,India,10218,1.32,52.36,37.39,24.5,95.64,212.87,7.32,277
10-06-20,India,10459,4.89,55.87,37.45,25.42,95.5,215.26,8.12,352
11-06-20,India,10930,17.79,65.06,35.48,25.77,95.26,222.13,9.16,396
12-06-20,India,11458,8.01,71.13,32.9,26.01,95.18,222.09,6.64,386
13-06-20,India,11929,10.28,74.96,32.65,25.03,95.27,227.91,5.43,311
14-06-20,India,11502,7.74,73.62,33.01,25.03,95.39,197.95,3.72,325
15-06-20,India,10667,12.62,76.24,32.64,25.44,95.31,167.83,5.13,380
16-06-20,India,10974,2.65,71.4,33.64,25.17,95.23,192.26,7.48,2003
17-06-20,India,12881,4.37,71.47,33.1,24.72,95.3,191.48,6.47,334
18-06-20,India,13586,3.84,71.14,33.53,24.37,95.43,236.35,8.05,336
19-06-20,India,14516,8.88,71.39,33.96,24.39,95.56,195.43,7.54,375
20-06-20,India,15403,0.24,68.42,33.22,24.29,95.61,216.7,9.83,306
21-06-20,India,14831,1.19,71.08,32.97,24.6,95.5,197.7,9.3,445
22-06-20,India,14933,11.53,76.72,31.66,24.51,95.37,176.39,9.65,312
23-06-20,India,15968,2.14,78.28,31.2,24.55,95.56,191.7,7.57,465
24-06-20,India,16922,2.55,67.36,34.9,23.24,95.66,163.57,4.15,418
25-06-20,India,17296,2.66,70.53,34.54,25.23,95.57,214.57,4.96,407
26-06-20,India,18552,13.74,75.86,32.82,24.68,95.64,229.74,4.25,384
27-06-20,India,19906,2.58,75.16,32.64,23.68,95.63,227.35,4.34,410
28-06-20,India,19459,1.69,78.33,32.28,24.42,95.61,233.59,4.5,380
29-06-20,India,18522,6.06,77.01,32.08,24.78,95.57,146.87,4.95,418
30-06-20,India,18641,14.05,71.99,32.96,24.34,95.54,189.17,4.28,507
01-07-20,India,19160,5.87,71.73,34.23,24.55,95.47,275.83,4.79,434
02-07-20,India,20903,8.55,73.41,33.88,25.35,95.34,247,7.97,379
03-07-20,India,22771,4.94,80.85,31.1,25.26,95.29,224.78,5.87,442
04-07-20,India,24850,13.31,82,32.22,24.47,95.16,187.96,4.99,613
05-07-20,India,24248,12.26,81.57,31.19,24.57,95.15,200.52,6.42,425
06-07-20,India,22251,13.48,82.13,30.65,23.83,95.23,180.22,7.54,466
07-07-20,India,22753,1.96,78.88,31.83,23.73,95.43,182.22,6.55,483
08-07-20,India,24879,3.75,74.09,33.09,24.03,95.6,274.91,6.5,487
09-07-20,India,26506,8.52,80.14,30.53,24.68,95.56,195.18,7.05,475
10-07-20,India,27114,15.34,83.13,30.06,24.27,95.59,219.45,5.8,519
11-07-20,India,28606,3.25,80.71,30.53,23.89,95.56,191.05,6.68,550
12-07-20,India,28732,9.2,81.75,29.83,24.12,95.6,200.82,5.72,501
13-07-20,India,28498,4.15,79.81,31.05,23.79,95.52,162.26,6.52,553
14-07-20,India,29429,9.65,82.95,30.12,23.53,95.49,152.78,5.62,582
15-07-20,India,32676,43.34,85.18,30.61,24.27,95.31,162.74,4.37,605
16-07-20,India,34975,12.7,80.04,31.95,23.34,95.15,161.48,4.53,688
17-07-20,India,35252,0.57,79.88,31.63,23.97,95.31,217.43,5.53,671
18-07-20,India,38697,0.21,78.77,32.44,23.56,95.53,172.35,5.59,543
19-07-20,India,40425,4.52,83.58,30.83,24.83,95.59,182.68,5.8,681
20-07-20,India,37132,4.83,84.86,30.87,23.8,95.52,152.65,6.42,585
21-07-20,India,37740,13.52,86.48,29.15,24.09,95.72,150.48,4.32,650
22-07-20,India,45720,3.51,82.3,31.46,23.5,95.78,165.35,3.77,1129
23-07-20,India,49310,37.26,88.85,29.41,23.99,95.69,186.57,5.46,740
24-07-20,India,48916,4.23,80.64,30.73,23.28,95.77,163.04,4.48,757
25-07-20,India,48611,6.83,83.18,29.61,23.16,95.9,197.57,3.83,702
26-07-20,India,49981,1.18,81.47,31.11,22.7,95.98,169.17,3.95,711
27-07-20,India,44457,0.33,78.68,32.23,23.79,95.82,201,4.72,637
28-07-20,India,51596,16.31,86.06,29.37,24.38,95.68,167.57,5.33,785
29-07-20,India,50294,13.74,80.76,30.94,23.84,95.6,149.57,3.86,762
30-07-20,India,52783,1.73,79.13,32.04,23.86,95.65,169.3,4.31,763
31-07-20,India,61242,3.7,84.46,30.89,24.23,95.61,147.55,5.3,793
01-08-20,India,54735,19.7,84.22,31.07,24.37,95.54,181.23,3.94,853
02-08-20,India,52972,65.55,85.39,30.95,24.81,95.41,130.68,4.76,771
03-08-20,India,52050,9.62,87.09,30.07,24.19,95.17,161.09,5.12,803
04-08-20,India,52509,6.74,85.79,29.68,23.92,94.92,184.65,6.59,857
05-08-20,India,56282,20.56,85.09,30.88,23.8,94.68,159.83,7.42,904
06-08-20,India,62538,10.86,88.26,29.98,23.21,94.84,163.3,8.94,886
07-08-20,India,61537,4.68,84.38,30.34,23.54,95.33,158.3,6.93,933
08-08-20,India,64399,37.03,91.81,27.08,24.04,95.48,188.96,8.44,861
09-08-20,India,62064,12.89,89.87,28.07,23.59,95.28,145.09,10.55,1007
10-08-20,India,53601,11.28,89.54,29.2,24.14,95.26,166.65,9.34,871
11-08-20,India,60963,4.54,88.26,29.49,23.83,95.41,205.65,11.12,834
12-08-20,India,66999,13.52,91.26,28.52,23.52,95.51,172.43,8.47,942
13-08-20,India,64553,15.64,90.87,28.76,23.76,95.29,181.22,9.39,1007
14-08-20,India,64732,15.93,90.75,29.25,23.1,95.14,217.78,10.29,996
15-08-20,India,64030,22.81,91.19,27.93,23.19,95.2,185.3,10.31,944
16-08-20,India,57711,26.41,92.09,27.29,23.46,95.29,200.14,9.02,941
17-08-20,India,55018,32.79,93.54,24.69,21.1,95.32,204.91,10.15,876
18-08-20,India,64572,58.5,94.36,25.56,22.16,95.36,185.22,7.76,1091
19-08-20,India,69672,73.85,93.59,27.08,23.22,95.25,191.09,9.2,978
20-08-20,India,68900,9.19,92.53,27.62,23.05,95.19,176,7.95,983
21-08-20,India,69876,16.89,94.24,27.45,23.66,95.34,155.14,9.58,945
22-08-20,India,69239,12.41,93.39,27.75,23.01,95.45,173.43,9.84,912
23-08-20,India,61408,7.86,91.25,28.62,23.92,95.56,198.13,10.08,836
24-08-20,India,60975,3.98,89.12,29.34,23.17,95.68,138.83,7.3,848
25-08-20,India,57224,2.92,88.62,29.42,22.83,95.88,159.32,7.41,967
26-08-20,India,85687,4.8,90.63,27.48,22.97,95.9,155.36,7.65,1115
27-08-20,India,77266,45.06,93.47,25.58,23.49,95.68,148.14,9.54,1057
28-08-20,India,76472,153.08,94.68,26.05,22.52,95.46,179.81,10.1,1021
29-08-20,India,78761,20.18,91.81,27.77,23.03,95.54,177.05,8.91,948
30-08-20,India,78512,3.5,89.94,29.22,22.49,95.67,166.1,7.22,971
31-08-20,India,69921,0.83,88,29.67,22.84,95.86,211.14,6.18,819
26-02-20,Pakistan,2,0,40.05,26.06,6.5,87.05,229.5,5.32,0
27-02-20,Pakistan,0,0.11,36.68,25.48,12.74,86.93,213.5,6.96,0
28-02-20,Pakistan,0,72.71,61.62,19.03,8.43,86.77,181.75,3.99,0
29-02-20,Pakistan,2,1.29,61.14,19.08,5.7,86.8,171,3.46,0
01-03-20,Pakistan,0,0,61.6,20.25,4.39,87.02,315.25,4.17,0
02-03-20,Pakistan,0,0,56.36,21.11,6.22,87,224,3.36,0
03-03-20,Pakistan,1,0.79,55.27,20.95,5.52,86.84,172.75,5.85,0
04-03-20,Pakistan,0,13.31,61.98,17.4,7.62,86.6,261.5,5.52,0
05-03-20,Pakistan,0,56.07,77.16,12.02,4.22,86.44,144.25,5.91,0
06-03-20,Pakistan,1,41.14,69.58,15.83,3.17,86.34,165.25,5.98,0
07-03-20,Pakistan,0,0,53.13,16.35,0.58,86.7,132,7.35,0
08-03-20,Pakistan,6,0,45.47,17.49,-0.89,87.03,177.25,5.17,0
09-03-20,Pakistan,0,0,65.2,17.4,2.47,87,204.25,5.23,0
10-03-20,Pakistan,10,8.34,77.52,12.55,5.45,86.71,232.5,2.74,0
11-03-20,Pakistan,3,53.3,84.16,9.93,2.09,86.35,168.25,6.14,0
12-03-20,Pakistan,1,1.84,69.84,10.31,-0.19,86.4,141.5,4.03,0
13-03-20,Pakistan,8,0.01,65.8,16.64,0.53,86.98,206.5,5.23,0
14-03-20,Pakistan,3,0,56.07,18.91,1.6,87.08,254.5,6.51,0
15-03-20,Pakistan,22,0,65.29,18.7,3.33,87.24,283.25,4.03,0
16-03-20,Pakistan,83,0,65.36,19.74,6.69,87.23,222,4.17,0
17-03-20,Pakistan,100,3.88,64.67,17.78,7.6,87.33,241,5.37,0
18-03-20,Pakistan,63,0,61.4,22.14,6.24,87.22,221,4.13,0
19-03-20,Pakistan,155,0,58.48,22.87,7.29,86.89,238.25,4.7,2
20-03-20,Pakistan,47,19.01,70.39,19.88,11.26,86.77,238,4.84,1
21-03-20,Pakistan,229,2.48,63.59,21.34,10.34,86.85,203.75,5.82,0
22-03-20,Pakistan,46,13.77,71.74,19.88,7.21,87.06,243.5,4,2
23-03-20,Pakistan,99,18.66,86.79,18.61,11.33,86.85,152.75,6.82,1
24-03-20,Pakistan,97,3.85,69.58,20.03,11.11,86.72,129,5.57,1
25-03-20,Pakistan,91,28.13,77.14,19.23,10.03,86.8,151,6.45,1
26-03-20,Pakistan,138,90.13,82.77,16.05,9.43,86.98,145,4.74,1
27-03-20,Pakistan,172,40.1,80.64,16.67,8.28,86.86,136.25,5.12,2
28-03-20,Pakistan,122,0.01,64.77,19.15,5.37,87.03,128.5,4.69,1
29-03-20,Pakistan,102,0.02,64.64,20.07,5.74,87.07,173,3.94,2
30-03-20,Pakistan,120,10.29,79.83,18.44,10.03,86.99,166.75,6.93,7
31-03-20,Pakistan,221,6.14,67.26,20.29,11.25,86.81,126.25,5.22,5
01-04-20,Pakistan,180,0.17,60.32,21.12,7.09,86.97,126.25,6.67,1
02-04-20,Pakistan,303,0,40.99,22.98,3.79,86.99,144,6.45,7
03-04-20,Pakistan,265,0,48.77,24.41,6.63,87.05,167.25,5.03,6
04-04-20,Pakistan,132,2.25,59.68,22.97,9.38,87.07,168,4.82,1
05-04-20,Pakistan,339,0.27,53.04,24.3,8.92,87.03,153.75,6.52,6
06-04-20,Pakistan,609,0.37,56.18,24.38,9.81,87.01,142,6.8,6
07-04-20,Pakistan,269,0.11,48.23,23.39,7.8,86.86,134,6.32,4
08-04-20,Pakistan,228,0,50.48,25.02,7.16,86.93,146.25,4.23,4
09-04-20,Pakistan,226,0.03,54.21,23.99,12.68,86.92,160.25,4.75,4
10-04-20,Pakistan,206,0.01,55.25,26.91,9.8,87.05,159.5,7.92,1
11-04-20,Pakistan,316,0.47,60.04,26.7,13.89,87.32,165.5,5.25,20
12-04-20,Pakistan,219,0.05,55.59,29.64,13.36,87.15,173.5,4.73,5
13-04-20,Pakistan,266,0.04,52.08,29.78,16.06,86.89,152.75,3.02,2
14-04-20,Pakistan,341,0.03,53.48,26.92,13.68,86.76,146.5,5.88,3
15-04-20,Pakistan,546,0,47.81,27.16,10.98,86.98,148.75,7.52,15
16-04-20,Pakistan,536,0.87,54.38,25.58,10.42,86.87,154.5,5.26,17
17-04-20,Pakistan,106,0.93,61,23.59,11.88,86.62,168.75,6.13,7
18-04-20,Pakistan,613,0.11,55.83,24.3,9.9,86.78,127.25,4.81,8
19-04-20,Pakistan,710,0.01,50.99,25.96,9.64,86.8,141.25,5.24,25
20-04-20,Pakistan,70,5.17,56.57,24.91,13.33,86.76,150,4.37,8
21-04-20,Pakistan,1147,0.04,50.97,26.95,11.78,86.86,134,4.48,25
22-04-20,Pakistan,511,0.69,58.19,25.7,12.3,86.72,185.75,5.32,11
23-04-20,Pakistan,1079,1.85,57.98,25.92,13.27,86.64,205.75,4.7,25
24-04-20,Pakistan,785,0.09,50.45,28.55,13.87,86.56,154.5,3.93,16
25-04-20,Pakistan,783,0.05,48.68,29.35,13.5,86.58,149.75,4.71,16
26-04-20,Pakistan,605,0.01,44.28,31.56,15.41,86.73,143,4.41,12
27-04-20,Pakistan,587,0.12,45.56,31.9,15.65,86.85,116.5,3.7,11
28-04-20,Pakistan,697,0.35,53.7,30.59,16.37,86.99,120,4.48,20
29-04-20,Pakistan,913,0.98,55.15,28.22,17.54,86.95,154.75,5.43,31
30-04-20,Pakistan,1292,0.05,47.74,31.23,16.96,86.94,148.75,6.08,42
01-05-20,Pakistan,1297,0,41.56,33.5,17.99,86.76,183.25,7.1,32
02-05-20,Pakistan,989,0.01,45.13,31.99,15.49,86.59,148.5,5.9,23
03-05-20,Pakistan,981,0.01,47.39,29.7,14.35,86.7,131.67,5.01,17
04-05-20,Pakistan,857,0,41.93,30.37,13.86,86.81,142.75,6.34,19
05-05-20,Pakistan,1108,0,37.85,31.14,14.38,86.83,145.75,6.97,38
06-05-20,Pakistan,2024,0,31.95,31.25,13.32,86.65,279,6.31,50
07-05-20,Pakistan,571,0.01,39.84,32.57,14.28,86.72,160.75,4.67,21
08-05-20,Pakistan,1791,5.04,54.02,21.37,7.03,86.95,151,7.09,14
09-05-20,Pakistan,2301,0,33.76,34.03,20.08,86.68,156,6.44,37
10-05-20,Pakistan,1598,0.01,34.04,34.24,16.01,86.71,132.75,4.93,23
11-05-20,Pakistan,1747,0.01,34.27,35.02,20.32,86.69,166.25,5.92,47
12-05-20,Pakistan,2255,2,55.67,29.62,16.75,86.73,170.5,5.2,31
13-05-20,Pakistan,962,1.57,52.79,30.37,17.28,86.63,147.25,5.29,24
14-05-20,Pakistan,490,7.14,52.67,28.74,16.94,86.67,123.25,7.33,9
15-05-20,Pakistan,3011,0.29,47.3,28.98,14.96,86.76,167.75,6.18,64
16-05-20,Pakistan,0,0,30.07,30.34,12.11,86.63,182.25,5.13,0
17-05-20,Pakistan,1352,0,24.67,31.21,11.33,86.51,156,5.66,39
18-05-20,Pakistan,1974,0,28.44,31.31,12.02,86.47,171,4.69,30
19-05-20,Pakistan,1841,0,30.62,32.13,13.74,86.47,225.25,4.68,36
20-05-20,Pakistan,1932,0,27.88,33.28,14.94,86.48,159,5.8,46
21-05-20,Pakistan,2193,0,32.38,34.57,15.71,86.43,166.5,7.33,32
22-05-20,Pakistan,2603,0,32.89,34.75,18.38,86.36,189.25,7.29,50
23-05-20,Pakistan,1743,0,29.63,34.87,18.23,86.48,144.75,5.02,34
24-05-20,Pakistan,2164,0,27.94,35.85,19.49,86.64,130.75,3.51,32
25-05-20,Pakistan,1748,4.46,51.63,22.84,8.24,86.9,139.5,5.54,34
26-05-20,Pakistan,2802,0,32.12,36.02,15.55,86.42,149.25,9.97,58
27-05-20,Pakistan,2076,0,33.47,35.74,16.22,86.22,148.75,9.22,35
28-05-20,Pakistan,2801,0,40.52,34.21,17.94,86.08,136.25,9.91,57
29-05-20,Pakistan,2429,46.56,54.75,31.43,16.96,86.32,127.75,9.76,78
30-05-20,Pakistan,3039,92.56,64.44,28.12,16.53,86.46,131.5,5.57,88
31-05-20,Pakistan,2964,4.68,69.87,26.04,18.19,86.6,134.5,5.68,60
01-06-20,Pakistan,3938,4.87,70.69,27.31,17.14,86.63,141,6.37,78
02-06-20,Pakistan,4065,81.37,75.12,26.9,17.66,86.52,129.75,6.02,67
03-06-20,Pakistan,4801,53.64,76.94,25.93,18.28,86.42,107.75,5.04,82
04-06-20,Pakistan,3985,0.21,71.74,27.11,18.53,86.4,134.5,4.26,68
05-06-20,Pakistan,4734,15.14,65.58,30.22,17.6,86.31,172.5,5.17,97
06-06-20,Pakistan,4960,0.15,64.78,29.38,16.43,86.26,182.75,8.85,67
07-06-20,Pakistan,4728,26.94,67.06,29.55,19.03,86.31,168.75,6.72,65
08-06-20,Pakistan,4646,2.69,68.93,30.18,19.42,86.31,152,6.68,105
09-06-20,Pakistan,5385,0,62.47,31.83,18.96,86.34,135.5,6.76,83
10-06-20,Pakistan,5834,0,55.38,32.09,18.01,86.33,129.25,5.71,101
11-06-20,Pakistan,6397,0,52.61,31.81,16.66,86.2,174,5.53,107
12-06-20,Pakistan,0,0.01,47.47,31.7,18.72,86.13,164.75,3.89,0
13-06-20,Pakistan,6472,0.14,51.19,30.79,19.06,86.19,134.75,4.57,88
14-06-20,Pakistan,12073,0,55.95,32.15,19,86.35,207.75,5.93,178
15-06-20,Pakistan,4443,0,41.03,34.44,15.32,86.18,222.25,8.79,110
16-06-20,Pakistan,5839,0,38.14,34.44,15.99,86.01,224.33,8.19,136
17-06-20,Pakistan,5358,0,40.66,35.34,17.66,85.88,252.33,5.26,118
18-06-20,Pakistan,4944,0,52.75,33.9,19.71,85.94,207.25,6.02,136
19-06-20,Pakistan,6604,0,46.82,33.89,18.92,86.05,145.5,5.3,153
20-06-20,Pakistan,4951,0,59.5,32.6,20.91,86.25,148.25,5.32,119
21-06-20,Pakistan,4471,0,61.18,32.97,21.03,86.17,184.75,5.85,89
22-06-20,Pakistan,3946,0,54.4,34.34,19.55,86.13,187.75,5.64,105
23-06-20,Pakistan,3892,0,58.52,33.65,21.85,86.3,217.25,5.3,60
24-06-20,Pakistan,4044,0,59.81,32.75,21.35,86.34,168.5,5.51,148
25-06-20,Pakistan,2775,0.26,60.46,33.05,21.07,86.19,153.75,6.63,59
26-06-20,Pakistan,3138,0.09,58.34,34.41,21.49,86.08,135.5,6.71,73
27-06-20,Pakistan,4072,0,55.26,34.68,20.6,86.11,145.75,7.16,83
28-06-20,Pakistan,3557,0,50.87,36.18,21.27,85.98,143.25,7.17,49
29-06-20,Pakistan,2825,8.35,56.87,34.64,19.13,86.12,152,7.44,137
30-06-20,Pakistan,4133,23.47,71.26,30.8,22.12,86.32,149.5,5.58,91
01-07-20,Pakistan,4339,0.39,56.91,34.84,21.83,86.26,142.5,6.44,78
02-07-20,Pakistan,4087,0,46.34,36.69,20.67,86.07,140.33,6.92,78
03-07-20,Pakistan,0,0,45.54,37.22,20.99,85.97,164.33,6.98,0
04-07-20,Pakistan,3387,0.01,49.63,35.28,21.84,85.79,140.67,9.34,68
05-07-20,Pakistan,6535,1.48,61.85,31.09,20.87,85.83,160.5,7,143
06-07-20,Pakistan,2691,15.55,65.71,30,21.02,86,141.67,3.56,77
07-07-20,Pakistan,2980,0.56,60.46,31.43,21.12,86.22,127.5,3.72,83
08-07-20,Pakistan,3359,0,59.3,32.56,21.33,86.35,156.5,5.02,61
09-07-20,Pakistan,2751,0,58.82,34.82,21.42,86.06,154.67,7.63,75
10-07-20,Pakistan,2752,0,55.35,34.13,20.79,85.92,143,7.35,65
11-07-20,Pakistan,2521,0.03,55.44,33.84,20.6,85.8,132,7.45,74
12-07-20,Pakistan,2753,0.19,56.97,33.42,21,85.87,135,7.62,69
13-07-20,Pakistan,1979,0.12,60.7,32.65,20.82,86.05,141.33,5.28,54
14-07-20,Pakistan,2165,0,58.31,34.75,20.68,86.17,120,7.11,66
15-07-20,Pakistan,2145,1.72,54.57,35.96,21.74,86.17,148,6.41,40
16-07-20,Pakistan,0,26.74,60.36,33.69,23.48,86.1,151,4.98,0
17-07-20,Pakistan,4003,2.71,62.77,32.17,22.71,86.2,123,3.72,96
18-07-20,Pakistan,1579,0,60.82,32.87,21.73,86.31,123.5,4.29,46
19-07-20,Pakistan,1587,0,58.33,35.41,22.96,86.11,161.5,9.16,31
20-07-20,Pakistan,1013,0.31,52.86,35.61,21.92,85.78,155.33,7.87,40
21-07-20,Pakistan,1332,13.14,66.47,30.94,21.77,85.98,197.75,5.74,38
22-07-20,Pakistan,1763,4.85,68.19,30.68,20.8,86.28,188.25,6.16,32
23-07-20,Pakistan,1209,0,51.92,35.81,20.25,86.13,165,5.53,54
24-07-20,Pakistan,1487,4.2,59.06,33.55,22.17,86.4,193,6.01,24
25-07-20,Pakistan,1226,13.71,71.72,30.32,23.06,86.63,163.25,3.53,35
26-07-20,Pakistan,0,0.01,65.2,32.24,21.81,86.6,155,5.47,0
27-07-20,Pakistan,1176,0,63.33,34.3,21.16,86.37,154.25,7.29,20
28-07-20,Pakistan,936,0,51.21,36.89,21.16,86.15,149.25,7.53,23
29-07-20,Pakistan,1063,0,46.9,36.22,19.46,86.04,150.75,8.76,27
30-07-20,Pakistan,1114,0.18,52.82,35.64,23.02,86.21,162.67,7.63,32
31-07-20,Pakistan,903,1.52,46.05,36.27,25.01,86.19,156.67,5.83,27
01-08-20,Pakistan,0,1.46,44.72,37.82,24.29,86.13,152.67,8.89,0
02-08-20,Pakistan,1394,0.5,43.5,37.98,24.26,86.08,203,8.02,25
03-08-20,Pakistan,762,0,31.31,37.61,23.39,85.74,214.33,7.82,23
04-08-20,Pakistan,0,0.05,28.61,38.6,23.17,85.6,156.33,7.2,0
05-08-20,Pakistan,675,0.07,34.03,38.86,23.95,85.74,167.5,7.48,15
06-08-20,Pakistan,727,0.06,41.68,36.53,25.41,86.09,145,10.66,21
07-08-20,Pakistan,782,2.4,52.51,32.93,24.24,86.19,211.25,13.08,17
08-08-20,Pakistan,842,3.04,61.59,31.94,24.07,86.07,200,5,16
09-08-20,Pakistan,634,3.03,60.01,34.52,23.54,85.89,113,4.59,14
10-08-20,Pakistan,539,6.35,66.44,32.18,23.74,85.98,106.5,5.3,15
11-08-20,Pakistan,531,3.17,65.84,34.69,23.25,86.02,94.25,6.63,15
12-08-20,Pakistan,730,0.18,52.59,37.38,23.03,85.93,165,7.35,17
13-08-20,Pakistan,753,0,38.14,40.39,23.06,85.76,169.5,6.68,10
14-08-20,Pakistan,626,0.38,44.6,38.68,23.38,85.79,144.75,6.2,14
15-08-20,Pakistan,747,1.92,55.86,36.92,25.43,85.84,142.5,7.7,9
16-08-20,Pakistan,1168,0.93,57.44,36.33,25.37,85.9,142.75,6.86,13
17-08-20,Pakistan,0,0.65,54.21,37.23,24.94,85.92,134.75,5.59,0
18-08-20,Pakistan,617,2.44,58.36,36.02,25.46,85.98,138.75,8.42,15
19-08-20,Pakistan,613,0.39,46.62,39.2,23.24,85.75,139.5,12.02,11
20-08-20,Pakistan,513,1.91,49.9,36.53,21.31,85.9,136.5,7.58,8
21-08-20,Pakistan,630,21.41,74.24,29.95,23.15,86.27,133.5,4.11,10
22-08-20,Pakistan,586,5.24,69.79,31.36,21.89,86.37,131.75,3.93,12
23-08-20,Pakistan,1087,1.67,62.67,33.08,22.11,86.24,127.25,4.98,13
24-08-20,Pakistan,0,2.97,62.76,32.94,22.64,86.19,133,4.94,0
25-08-20,Pakistan,450,4.77,68.78,30.53,22.46,86.3,143.5,5.5,11
26-08-20,Pakistan,482,8.95,76.82,28.61,22.07,86.28,139,5.44,12
27-08-20,Pakistan,445,8.51,74.25,28.6,20.97,86.24,134.33,4,7
28-08-20,Pakistan,415,0.07,47.58,32.66,17.79,86.16,139.33,4.77,9
29-08-20,Pakistan,319,0,44.45,32.37,16.11,86.25,128,5.15,1
30-08-20,Pakistan,264,0.91,50.16,32.27,17.39,86.25,143.67,5.48,4
31-08-20,Pakistan,213,24.43,70.56,28.38,21.47,86.27,220,7.09,6
27-01-20,Sri Lanka,1,0,81.98,27.04,18.65,97.98,159,3.4,0
28-01-20,Sri Lanka,0,0,79.82,27.36,18.81,98.07,163,4.06,0
29-01-20,Sri Lanka,0,0,83.03,27.59,18.81,98.09,169,4.03,0
30-01-20,Sri Lanka,0,0,83.89,27.59,19.39,98.02,178,4.32,0
31-01-20,Sri Lanka,0,0.01,85.63,27.51,18.37,97.9,164,5.04,0
01-02-20,Sri Lanka,0,0.01,84.57,27.07,19.27,97.96,165,4.99,0
02-02-20,Sri Lanka,0,0.03,83.79,27.4,19.4,98.12,164,4.3,0
03-02-20,Sri Lanka,0,0,86.95,27.43,19.11,98.12,157,4.49,0
04-02-20,Sri Lanka,0,0.03,88.56,27.52,19.9,97.94,158,5.29,0
05-02-20,Sri Lanka,0,0.1,87.46,27.9,20.85,97.19,158,5.2,0
06-02-20,Sri Lanka,0,0.03,86.82,27.67,20.66,97.53,154,4.42,0
07-02-20,Sri Lanka,0,0,84.1,27.99,19.92,98.08,163,3.69,0
08-02-20,Sri Lanka,0,0,83.55,28.36,19.15,98.11,164,3.5,0
09-02-20,Sri Lanka,0,0.02,83.78,27.57,18.5,98.07,171,4.32,0
10-02-20,Sri Lanka,0,0.13,83.51,27.86,18.8,98.02,142,4.91,0
11-02-20,Sri Lanka,0,1.26,86.52,27.92,20.26,98.01,157,7,0
12-02-20,Sri Lanka,0,3.98,88.83,28.32,22.26,98.07,155,7.34,0
13-02-20,Sri Lanka,0,1.45,87.23,28.12,22.09,98.05,152,7.34,0
14-02-20,Sri Lanka,0,1.17,88.73,27.47,21.61,97.94,159,3.99,0
15-02-20,Sri Lanka,0,0.04,84.95,29.67,20.62,97.15,153,3.85,0
16-02-20,Sri Lanka,0,0.15,86.61,28.63,20.33,97.34,153,4.31,0
17-02-20,Sri Lanka,0,0.08,84.82,27.53,18.79,98.09,168,5.33,0
18-02-20,Sri Lanka,0,0,81.17,27.47,17.33,98.1,144,4.48,0
19-02-20,Sri Lanka,0,0.04,83.24,27.81,17.84,98.03,162,4.51,0
20-02-20,Sri Lanka,0,6.76,86.93,28.7,20.05,97.94,152,5.07,0
21-02-20,Sri Lanka,0,11.2,90.1,28.29,22.79,97.99,158,6.38,0
22-02-20,Sri Lanka,0,5.3,88.96,28.14,22.65,98.09,152,7.75,0
23-02-20,Sri Lanka,0,3.17,87.92,28.5,22.04,98.02,157,4.35,0
24-02-20,Sri Lanka,0,1.54,86.52,29.25,21.95,97.88,153,5.88,0
25-02-20,Sri Lanka,0,0.6,87.34,28.61,21.85,97.22,151,4.97,0
26-02-20,Sri Lanka,0,0,87.5,27.73,20.87,97.16,142,4.36,0
27-02-20,Sri Lanka,0,0.01,86.43,29.2,20.5,97.87,159,5.62,0
28-02-20,Sri Lanka,0,0,81.97,28.69,20.15,97.81,154,5.16,0
29-02-20,Sri Lanka,0,0,82.07,29.04,20.19,97.8,153,4.23,0
01-03-20,Sri Lanka,0,0,82.93,29.34,20.56,97.85,168,4.29,0
02-03-20,Sri Lanka,0,0.03,80.23,30.01,20.71,97.9,161,3.04,0
03-03-20,Sri Lanka,0,0.15,76.37,30.47,20.54,97.91,152,3.37,0
04-03-20,Sri Lanka,0,0,75.49,30.6,19.92,97.84,174,3.17,0
05-03-20,Sri Lanka,0,0.13,77.84,30.8,19.84,97.82,161,2.46,0
06-03-20,Sri Lanka,0,1.52,81.67,31.05,20.33,97.15,132,3.35,0
07-03-20,Sri Lanka,0,2.14,79.9,31.11,21.1,97.19,112,2.98,0
08-03-20,Sri Lanka,1,0.66,79.41,31,20.98,97.92,170,4.34,0
09-03-20,Sri Lanka,0,0.76,76.24,31.26,20.86,97.82,161,4.07,0
10-03-20,Sri Lanka,0,0.76,76.92,31.38,20.58,97.85,114,4.05,0
11-03-20,Sri Lanka,1,0.65,75.43,31.42,20.61,97.9,142,3.45,0
12-03-20,Sri Lanka,0,0.07,75.3,31.27,20.03,97.98,156,4.37,0
13-03-20,Sri Lanka,4,0.08,75.88,31.64,20.01,97.93,93,4.76,0
14-03-20,Sri Lanka,4,0.07,73.61,32.37,20.47,97.84,142,3.99,0
15-03-20,Sri Lanka,8,0.13,75.39,32.18,20.8,97.79,134,4.35,0
16-03-20,Sri Lanka,10,0.67,78.37,32.14,22.04,97.19,163,6.17,0
17-03-20,Sri Lanka,16,4.18,78.9,31.55,22.47,97.53,139,5.67,0
18-03-20,Sri Lanka,7,0.92,80.83,30.88,23.22,97.97,151,4.48,0
19-03-20,Sri Lanka,9,0.36,77.08,31.48,22.53,97.93,151,4,0
20-03-20,Sri Lanka,13,0.1,69.07,32.63,21.9,97.92,93,3.56,0
21-03-20,Sri Lanka,4,0.17,68.25,33.32,20.89,97.91,97,3.8,0
22-03-20,Sri Lanka,5,0.08,67.08,33.64,20.39,97.89,132,4.31,0
23-03-20,Sri Lanka,15,0.14,70.44,33.11,20.17,97.86,104,4.41,0
24-03-20,Sri Lanka,5,0.68,73.05,32.79,20.27,97.7,152,4.46,0
25-03-20,Sri Lanka,0,0.25,69.64,33.05,21.36,97.71,107,4.45,0
26-03-20,Sri Lanka,4,0.66,70.27,31.52,20.5,97.46,93,5.43,0
27-03-20,Sri Lanka,0,1.86,70.06,32.71,20.91,97.51,154,5.14,0
28-03-20,Sri Lanka,7,0.07,64.68,34.08,20.82,97.8,159,4.48,1
29-03-20,Sri Lanka,4,0.33,68.1,34.53,22.26,97.73,112,4.33,0
30-03-20,Sri Lanka,5,1.42,68.89,34.36,22.65,97.77,109,4.72,1
31-03-20,Sri Lanka,21,0.07,65.53,34.17,21.02,97.8,82,4.29,0
01-04-20,Sri Lanka,3,0.07,65.97,33.6,20.3,97.82,107,5.13,1
02-04-20,Sri Lanka,5,0.07,69.01,34,20.11,97.75,169,5.2,1
03-04-20,Sri Lanka,8,0.23,68.76,33.78,21.23,97.8,112,5.01,0
04-04-20,Sri Lanka,7,4.55,73.27,33.65,23.03,97.83,109,3.76,1
05-04-20,Sri Lanka,10,1.2,72.93,33.62,23.48,97.21,63,4.24,0
06-04-20,Sri Lanka,2,0.02,64.14,34.34,22.1,97.61,82,3.88,0
07-04-20,Sri Lanka,7,0.44,60.21,35.99,22,97.81,169,3.92,1
08-04-20,Sri Lanka,4,1.7,64.2,35.8,22.86,97.85,65,3.18,1
09-04-20,Sri Lanka,1,0.6,65.41,34.41,23.34,97.85,80,3.26,0
10-04-20,Sri Lanka,0,1.56,68.64,34.5,23.12,97.87,85,4.31,0
11-04-20,Sri Lanka,8,0.92,69.77,34.18,23.4,97.94,97,5.22,0
12-04-20,Sri Lanka,12,2.63,72.88,33.6,23.59,97.88,93,4.33,0
13-04-20,Sri Lanka,7,0.85,68.8,34.97,23.37,97.73,82,4.23,0
14-04-20,Sri Lanka,16,5.5,75.4,32.23,23.57,97.8,87,3.77,0
15-04-20,Sri Lanka,5,2.45,72.49,33.87,23.26,97.47,72,4.25,0
16-04-20,Sri Lanka,0,6.48,72.88,34.31,23.91,97.56,85,3.57,0
17-04-20,Sri Lanka,6,18.66,76.51,33.04,24.33,97.75,76,4.14,0
18-04-20,Sri Lanka,10,2.21,70.93,34.46,23.34,97.77,78,3.86,0
19-04-20,Sri Lanka,17,2.4,70.56,34.54,23.77,97.73,68,4.34,0
20-04-20,Sri Lanka,33,1.28,70.52,34.54,23.75,97.71,91,4.54,0
21-04-20,Sri Lanka,6,3.09,77.31,32.52,24.52,97.71,91,4.11,0
22-04-20,Sri Lanka,20,22.25,83.63,27.99,23.2,97.78,99,3.38,0
23-04-20,Sri Lanka,38,3.53,73.63,33.21,22.52,97.71,59,2.3,0
24-04-20,Sri Lanka,52,7.47,75.26,33.67,24.03,97.67,76,4.32,0
25-04-20,Sri Lanka,40,9.94,74.39,34.11,24.36,97.46,70,4.12,0
26-04-20,Sri Lanka,63,10.39,81.12,31.47,24.87,97.59,42,4.29,0
27-04-20,Sri Lanka,65,1.11,73.28,34.19,24.36,97.77,80,3.56,0
28-04-20,Sri Lanka,31,2.77,73.95,32.46,24.36,97.73,82,3.79,0
29-04-20,Sri Lanka,30,7.04,78.73,31.96,24.86,97.69,97,3.85,0
30-04-20,Sri Lanka,14,16.58,84.3,29.17,23.98,97.84,151,3.3,0
01-05-20,Sri Lanka,27,2.07,70.87,34.15,22.86,97.69,137,2.52,0
02-05-20,Sri Lanka,15,1.68,72.3,34.57,24.6,97.56,132,2.67,0
03-05-20,Sri Lanka,13,0.97,68.52,35.22,24.33,97.56,89,4.31,0
04-05-20,Sri Lanka,33,3.5,74.35,33.12,25.26,97.65,109,2.55,1
05-05-20,Sri Lanka,20,3.25,73.92,33.3,24.53,97.24,87,1.76,1
06-05-20,Sri Lanka,26,6.48,77.33,32.27,24.91,97.48,107,3.5,0
07-05-20,Sri Lanka,27,4.04,70.8,34.12,24.03,97.72,55,2.02,0
08-05-20,Sri Lanka,11,2.08,77.47,31.16,21.57,97.87,59,2.99,0
09-05-20,Sri Lanka,12,8.98,77.3,32.89,24.74,97.62,93,2.09,0
10-05-20,Sri Lanka,16,11.01,80.2,31.91,25.26,97.61,70,4.32,0
11-05-20,Sri Lanka,6,23.11,87.05,29.18,24.84,97.6,74,2.31,0
12-05-20,Sri Lanka,20,10.83,83.19,30.46,24.3,97.61,74,3.57,0
13-05-20,Sri Lanka,26,2.11,74.83,33.03,23.82,97.49,57,2.47,0
14-05-20,Sri Lanka,10,2.15,75.95,32.71,24.34,97.43,97,3.07,0
15-05-20,Sri Lanka,10,2.37,76.67,32.47,24.54,97.19,104,4.74,0
16-05-20,Sri Lanka,25,4.12,81.42,30.76,25.03,97.19,63,7.68,0
17-05-20,Sri Lanka,21,5.88,80.02,30.47,24.76,97.16,63,4.33,0
18-05-20,Sri Lanka,11,4.08,75.91,30.16,25.47,97.16,91,10.84,0
19-05-20,Sri Lanka,35,2.32,75.43,30.69,25.02,97.14,134,10.49,0
20-05-20,Sri Lanka,1,3.08,74.42,32.6,25.18,97.25,85,8.81,0
21-05-20,Sri Lanka,27,0.97,72.51,32.91,24.46,97.46,80,8.05,0
22-05-20,Sri Lanka,13,0.69,73.16,32.34,23.53,97.42,70,7.9,0
23-05-20,Sri Lanka,21,0.66,71.84,33.36,23.45,97.42,72,7.06,0
24-05-20,Sri Lanka,52,0.95,74.91,32.39,24.31,97.49,63,4.29,0
25-05-20,Sri Lanka,41,2.5,77.43,31.24,21.97,97.31,63,4.51,1
26-05-20,Sri Lanka,137,0.62,76.15,31.85,23.76,97.45,55,7.44,0
27-05-20,Sri Lanka,150,2.28,79.3,31.86,24.13,97.62,50,6.97,0
28-05-20,Sri Lanka,61,2.26,77.77,32.37,23.96,97.57,61,7.76,0
29-05-20,Sri Lanka,28,3.06,81.49,31.03,23.98,97.57,42,7.15,0
30-05-20,Sri Lanka,62,1.73,78.05,31.47,23.39,97.62,72,7.22,0
31-05-20,Sri Lanka,13,0.4,75.15,33.68,23.94,97.67,63,4.36,0
01-06-20,Sri Lanka,10,0.05,77.59,31.58,23.52,97.78,53,5.06,1
02-06-20,Sri Lanka,40,0.11,72.52,32.85,23.33,97.75,59,6.38,0
03-06-20,Sri Lanka,66,0,67.95,33.26,22.68,97.7,82,6.32,0
04-06-20,Sri Lanka,48,0.01,69.28,34.13,22.21,97.38,74,6.51,0
05-06-20,Sri Lanka,4,0.99,73.61,33.27,23.02,97.35,85,7.4,0
06-06-20,Sri Lanka,13,5.43,73.45,31.85,23.54,97.64,50,9.94,0
07-06-20,Sri Lanka,21,2.91,78.04,30.01,23.21,97.55,61,4.42,0
08-06-20,Sri Lanka,22,3.03,73.51,32.58,23.15,97.44,61,9.31,0
09-06-20,Sri Lanka,2,1.61,72.7,33.42,23.14,97.4,78,9.18,0
10-06-20,Sri Lanka,10,2.43,75.19,31.89,23.97,97.38,85,9.84,0
11-06-20,Sri Lanka,8,1.6,72.9,30.57,21.58,97.36,78,9.86,0
12-06-20,Sri Lanka,3,3.26,72.08,32.71,21.46,97.32,68,9.42,0
13-06-20,Sri Lanka,4,0.83,70.79,33.67,23.48,97.36,46,8.03,0
14-06-20,Sri Lanka,5,0.58,70.33,33.5,23.87,97.24,46,4.36,0
15-06-20,Sri Lanka,16,0.43,70.17,32.94,24.14,97.27,57,8.75,0
16-06-20,Sri Lanka,10,0.34,71.94,32.17,24.12,97.44,72,7.89,0
17-06-20,Sri Lanka,9,1.45,72.84,32.98,24.05,97.46,70,8.62,0
18-06-20,Sri Lanka,23,0.84,71.78,33.2,23.51,97.59,68,7.41,0
19-06-20,Sri Lanka,3,0.33,68.81,33.8,23.26,97.6,80,7.24,0
20-06-20,Sri Lanka,0,3.83,71.29,31.23,23.64,97.56,61,8.78,0
21-06-20,Sri Lanka,0,0.79,74.04,30.05,23.61,97.45,59,4.39,0
22-06-20,Sri Lanka,1,1.39,71.42,32.2,23.39,97.33,50,9.75,0
23-06-20,Sri Lanka,40,1.57,70.12,32.18,23.41,97.4,59,9.38,0
24-06-20,Sri Lanka,10,20.76,73.17,31.61,22.96,97.23,65,4.73,0
25-06-20,Sri Lanka,9,32.8,82.02,28.37,22.51,97.42,109,5.35,0
26-06-20,Sri Lanka,4,5.9,79.29,30.15,22.43,97.42,78,7.87,0
27-06-20,Sri Lanka,19,1.49,79.08,30.07,22.84,97.41,63,7.67,0
28-06-20,Sri Lanka,4,1.07,77.24,32.34,22.49,97.35,72,4.43,0
29-06-20,Sri Lanka,2,5.06,78.74,31.98,23.36,97.28,104,7.41,0
30-06-20,Sri Lanka,8,3.65,78.98,30.92,23.53,97.35,76,7.66,0
01-07-20,Sri Lanka,7,1.25,77.65,31.32,23.5,97.42,63,6.9,0
02-07-20,Sri Lanka,12,0.89,76.54,31.7,23.31,97.42,55,6.37,0
03-07-20,Sri Lanka,3,1.69,77.33,30.46,23.22,97.55,46,8.82,0
04-07-20,Sri Lanka,5,0.2,74.07,30.15,22.49,97.34,50,8.82,0
05-07-20,Sri Lanka,2,0.71,71.14,31.44,23.21,97.37,65,4.39,0
06-07-20,Sri Lanka,1,1.13,76.78,30.31,22.87,97.43,102,9.02,0
07-07-20,Sri Lanka,4,1.87,72,33.17,22.49,97.48,74,7.74,0
08-07-20,Sri Lanka,13,1.32,76.58,30.36,23.36,97.53,50,4.32,0
09-07-20,Sri Lanka,60,6.46,78.42,29.66,23.18,97.47,78,4.24,0
10-07-20,Sri Lanka,300,5.46,79.32,30.34,23.08,97.5,59,5.81,0
11-07-20,Sri Lanka,57,3.74,79.73,30.02,22.73,97.52,97,5.82,0
12-07-20,Sri Lanka,106,1.81,77.63,30.25,23.1,97.46,99,6.91,0
13-07-20,Sri Lanka,29,1.08,75.99,31.55,22.57,97.38,70,5.45,0
14-07-20,Sri Lanka,19,3.09,77.31,31.94,23,97.28,80,5.89,0
15-07-20,Sri Lanka,6,7.01,80.32,31.53,23.7,97.27,61,8.39,0
16-07-20,Sri Lanka,16,5.27,82.17,29.77,23.17,97.39,68,7.09,0
17-07-20,Sri Lanka,10,5.17,84.35,29.24,22.55,97.37,61,5.96,0
18-07-20,Sri Lanka,6,5.44,80.46,30.23,22.49,97.41,154,3.99,0
19-07-20,Sri Lanka,21,10.11,86.7,28.16,23.64,97.42,142,3.27,0
20-07-20,Sri Lanka,6,8.75,85.26,28.78,22.63,97.38,95,10.14,0
21-07-20,Sri Lanka,0,1.24,82.43,29.18,22.07,97.51,76,5.43,0
22-07-20,Sri Lanka,22,1.28,80.46,30.94,22.76,97.51,99,5.5,0
23-07-20,Sri Lanka,1,6.48,83.97,29.77,22.86,97.46,57,6.98,0
24-07-20,Sri Lanka,11,1.62,77.79,31.12,23.01,97.26,122,7.28,0
25-07-20,Sri Lanka,6,1.03,78.47,28.85,21.77,97.36,117,7.31,0
26-07-20,Sri Lanka,12,0.31,73.42,30.19,21.55,97.7,74,9.96,0
27-07-20,Sri Lanka,23,8.29,81.65,27.08,21.95,97.59,122,7.57,0
28-07-20,Sri Lanka,5,3.89,81.6,29.98,22.05,97.42,61,7.57,0
29-07-20,Sri Lanka,0,6.99,81.41,29.35,22.34,97.38,61,8.9,0
30-07-20,Sri Lanka,4,1.48,75.13,31.51,21.93,97.45,89,10.24,0
31-07-20,Sri Lanka,1,2.71,70.93,33.01,23.03,97.4,76,10.08,0
01-08-20,Sri Lanka,0,2.78,72.13,31.38,23.92,97.48,50,8.98,0
02-08-20,Sri Lanka,8,2.6,71.38,30.98,23.54,97.49,68,11.02,0
03-08-20,Sri Lanka,5,0.59,66.55,30.75,23.72,97.23,61,12.83,0
04-08-20,Sri Lanka,6,1.4,72.09,32.08,23.3,97.26,119,11.24,0
05-08-20,Sri Lanka,5,1.06,68.06,33.33,22.64,97.28,25,11.67,0
06-08-20,Sri Lanka,0,5.05,72.13,29.9,23.64,97.43,59,12.34,0
07-08-20,Sri Lanka,0,1.88,67.93,31.7,24.02,97.5,82,11.68,0
08-08-20,Sri Lanka,2,1.53,68.9,31.79,24.07,97.48,50,10.14,0
09-08-20,Sri Lanka,3,1.3,68.65,31.56,23.54,97.45,63,10.94,0
10-08-20,Sri Lanka,27,0.76,64.28,33.73,23.56,97.49,61,9.88,0
11-08-20,Sri Lanka,9,1.86,69.76,32.16,23.66,97.56,50,8.95,0
12-08-20,Sri Lanka,1,0.24,62.07,34.3,23.19,97.66,65,9.81,0
13-08-20,Sri Lanka,1,0.34,62.75,34.89,23.32,97.27,139,8.54,0
14-08-20,Sri Lanka,4,0.51,66.02,33.86,22.36,97.29,57,8.53,0
15-08-20,Sri Lanka,4,0.36,65.75,34.06,22.75,97.45,55,7.41,0
16-08-20,Sri Lanka,3,0.18,62.41,34.86,22.09,97.49,80,7.48,0
17-08-20,Sri Lanka,7,0.33,61.35,36.06,22.16,97.43,117,6.04,0
18-08-20,Sri Lanka,2,0.42,63.77,34.4,23.28,97.44,91,6.54,0
19-08-20,Sri Lanka,0,0.5,63.28,35.64,22.67,97.33,109,5.75,0
20-08-20,Sri Lanka,16,0.42,62.89,36,23.51,97.32,61,5.94,0
21-08-20,Sri Lanka,23,0.42,58.78,37.01,23.31,97.49,61,5.05,0
22-08-20,Sri Lanka,6,0.8,59.73,36.52,24.15,97.58,93,5.31,1
23-08-20,Sri Lanka,6,0.75,58.44,36.66,23.74,97.26,70,5.16,0
24-08-20,Sri Lanka,6,0.52,58.39,36.47,23.64,97.46,78,4.33,0
25-08-20,Sri Lanka,12,3.55,60.75,36.39,24.04,97.64,87,3.6,0
26-08-20,Sri Lanka,13,2.84,66.14,34.1,24.62,97.66,95,4.64,0
27-08-20,Sri Lanka,2,1.69,60.81,36.19,23.44,97.54,76,5.55,0
28-08-20,Sri Lanka,3,1.46,58.42,35.71,24.59,97.46,63,7.04,0
29-08-20,Sri Lanka,6,1.06,60.72,33.64,24.28,97.46,74,8.68,0
30-08-20,Sri Lanka,17,0.86,57.46,34.56,23.66,97.5,46,7.39,0
31-08-20,Sri Lanka,37,2.38,57.73,35.16,23.92,97.52,61,5.66,0
