location,date,total_cases,new_cases,total_deaths,new_deaths,total_vaccinations_per_hundred,people_vaccinated_per_hundred,CFR
World,2020-01-01,27,0,0,0, , ,0
World,2020-01-02,27,0,0,0, , ,0
World,2020-01-03,44,17,0,0, , ,0
World,2020-01-04,44,0,0,0, , ,0
World,2020-01-05,59,15,0,0, , ,0
World,2020-01-06,59,0,0,0, , ,0
World,2020-01-07,59,0,0,0, , ,0
World,2020-01-08,59,0,0,0, , ,0
World,2020-01-09,59,0,0,0, , ,0
World,2020-01-10,59,0,0,0, , ,0
World,2020-01-11,59,0,1,1, , ,1.69491525423729
World,2020-01-12,59,0,1,0, , ,1.69491525423729
World,2020-01-13,60,1,1,0, , ,1.66666666666667
World,2020-01-14,60,0,1,0, , ,1.66666666666667
World,2020-01-15,61,1,2,1, , ,3.27868852459016
World,2020-01-16,61,0,2,0, , ,3.27868852459016
World,2020-01-17,66,5,2,0, , ,3.03030303030303
World,2020-01-18,83,17,2,0, , ,2.40963855421687
World,2020-01-19,219,136,3,1, , ,1.36986301369863
World,2020-01-20,239,20,3,0, , ,1.25523012552301
World,2020-01-21,392,153,6,3, , ,1.53061224489796
World,2020-01-22,557,0,17,0, , ,3.05206463195691
World,2020-01-23,655,98,18,1, , ,2.74809160305344
World,2020-01-24,941,286,26,8, , ,2.76301806588735
World,2020-01-25,1433,492,42,16, , ,2.93091416608514
World,2020-01-26,2118,685,56,14, , ,2.64400377714825
World,2020-01-27,2927,809,82,26, , ,2.801503245644
World,2020-01-28,5578,2651,131,49, , ,2.34851201147365
World,2020-01-29,6167,589,133,2, , ,2.1566401816118
World,2020-01-30,8235,2068,171,38, , ,2.07650273224044
World,2020-01-31,9927,1692,213,42, , ,2.14566334239952
World,2020-02-01,12038,2111,259,46, , ,2.15152018607742
World,2020-02-02,16787,4749,362,103, , ,2.15643057127539
World,2020-02-03,19887,3100,426,64, , ,2.14210288127923
World,2020-02-04,23898,4011,492,66, , ,2.05874968616621
World,2020-02-05,27643,3745,564,72, , ,2.04029953333575
World,2020-02-06,30803,3160,634,70, , ,2.05824108041425
World,2020-02-07,34396,3593,719,85, , ,2.09035934410978
World,2020-02-08,37130,2734,806,87, , ,2.17075141395098
World,2020-02-09,40160,3030,906,100, , ,2.25597609561753
World,2020-02-10,42769,2609,1013,107, , ,2.36853795973719
World,2020-02-11,44811,2042,1113,100, , ,2.48376514695053
World,2020-02-12,45229,418,1118,5, , ,2.47186539609543
World,2020-02-13,60382,15153,1371,253, , ,2.27054420191448
World,2020-02-14,66909,6527,1523,152, , ,2.27622591878522
World,2020-02-15,69052,2143,1666,143, , ,2.41267450616926
World,2020-02-16,71235,2183,1770,104, , ,2.48473362813224
World,2020-02-17,73270,2035,1868,98, , ,2.54947454619899
World,2020-02-18,75152,1882,2008,140, , ,2.67191824568874
World,2020-02-19,75652,500,2123,115, , ,2.80627081901338
World,2020-02-20,76212,560,2248,125, , ,2.94966671915184
World,2020-02-21,76841,629,2252,4, , ,2.93072708580055
World,2020-02-22,78602,1761,2459,207, , ,3.12841912419531
World,2020-02-23,78982,380,2470,11, , ,3.12729482666937
World,2020-02-24,79546,564,2630,160, , ,3.30626304276771
World,2020-02-25,80399,853,2710,80, , ,3.37068869015784
World,2020-02-26,81376,977,2771,61, , ,3.40518088871412
World,2020-02-27,82736,1360,2814,43, , ,3.40117965577258
World,2020-02-28,84122,1386,2873,59, , ,3.4152778107986
World,2020-02-29,86013,1891,2942,69, , ,3.42041319335449
World,2020-03-01,88394,2381,2996,54, , ,3.38937031925244
World,2020-03-02,90377,1983,3085,89, , ,3.4134790931321
World,2020-03-03,92971,2594,3160,75, , ,3.39890933732024
World,2020-03-04,95279,2308,3255,95, , ,3.41628270657752
World,2020-03-05,98090,2811,3349,94, , ,3.41421143847487
World,2020-03-06,102003,3913,3460,111, , ,3.39205709635991
World,2020-03-07,106098,4095,3564,104, , ,3.35915851382684
World,2020-03-08,110047,3949,3803,239, , ,3.45579615982262
World,2020-03-09,114219,4172,3993,190, , ,3.4959157408137
World,2020-03-10,119041,4822,4267,274, , ,3.58447929704892
World,2020-03-11,126702,7661,4611,344, , ,3.63924799924232
World,2020-03-12,132492,5790,4917,306, , ,3.71116746671497
World,2020-03-13,146876,14384,5414,497, , ,3.68610256270596
World,2020-03-14,157950,11074,5834,420, , ,3.69357391579614
World,2020-03-15,169219,11269,6470,636, , ,3.82344772159155
World,2020-03-16,184027,14808,7153,683, , ,3.88692963532525
World,2020-03-17,199970,15943,7966,813, , ,3.98359753963094
World,2020-03-18,219535,19565,8872,906, , ,4.04126904593801
World,2020-03-19,246584,27049,9983,1111, , ,4.04851896311196
World,2020-03-20,277359,30775,11469,1486, , ,4.13507403761911
World,2020-03-21,309350,31991,13191,1722, , ,4.26410214966866
World,2020-03-22,344205,34855,14878,1687, , ,4.32242413677895
World,2020-03-23,387040,42835,16827,1949, , ,4.34761264985531
World,2020-03-24,428219,41179,19117,2290, , ,4.46430447971715
World,2020-03-25,479220,51001,21927,2810, , ,4.57556028546388
World,2020-03-26,542097,62877,24962,3035, , ,4.6047109650118
World,2020-03-27,607138,65041,28450,3488, , ,4.6859198402999
World,2020-03-28,674418,67280,32180,3730, , ,4.77152151929516
World,2020-03-29,733655,59237,35699,3519, , ,4.8659110889996
World,2020-03-30,798949,65294,39780,4081, , ,4.97904121539673
World,2020-03-31,875794,76845,44528,4748, , ,5.08430064604233
World,2020-04-01,958602,82808,50526,5998, , ,5.27080060337867
World,2020-04-02,1041662,83060,56413,5887, , ,5.41567226221173
World,2020-04-03,1125221,83559,62574,6161, , ,5.56104089774364
World,2020-04-04,1183584,58363,68488,5914, , ,5.78649255143699
World,2020-04-05,1256176,72592,73676,5188, , ,5.8651017054935
World,2020-04-06,1329331,73155,79614,5938, , ,5.9890275634887
World,2020-04-07,1399162,69831,87872,8258, , ,6.28033065506353
World,2020-04-08,1482540,83378,94683,6811, , ,6.38653931765753
World,2020-04-09,1569554,87014,102467,7784, , ,6.52841507842355
World,2020-04-10,1655088,85534,109845,7378, , ,6.63680722716859
World,2020-04-11,1729371,74283,116017,6172, , ,6.70862411824877
World,2020-04-12,1849067,119696,121876,5859, , ,6.5912160024488
World,2020-04-13,1919809,70742,127842,5966, , ,6.65909994171295
World,2020-04-14,2003820,84011,134812,6970, , ,6.72774999750477
World,2020-04-15,2080934,77114,143285,8473, , ,6.88561001934708
World,2020-04-16,2176465,95531,150544,7259, , ,6.9169042461055
World,2020-04-17,2264462,87997,158938,8394, , ,7.01879740088374
World,2020-04-18,2341702,77240,165083,6145, , ,7.04970145646201
World,2020-04-19,2418307,76605,170316,5233, , ,7.04277827422242
World,2020-04-20,2494325,76018,176188,5872, , ,7.06355426818879
World,2020-04-21,2570074,75749,183461,7273, , ,7.13835477110776
World,2020-04-22,2651321,81247,190325,6864, , ,7.17849705863605
World,2020-04-23,2735570,84249,197153,6828, , ,7.20701718471836
World,2020-04-24,2819666,84096,203923,6770, , ,7.23216863273877
World,2020-04-25,2901925,82259,209551,5628, , ,7.22110323319865
World,2020-04-26,2973513,71588,213530,3979, , ,7.18106831885383
World,2020-04-27,3043705,70192,218276,4746, , ,7.17139144562302
World,2020-04-28,3119245,75540,224854,6578, , ,7.20860336395506
World,2020-04-29,3196355,77110,231579,6725, , ,7.2450963675812
World,2020-04-30,3279850,83495,237421,5842, , ,7.23877616354406
World,2020-05-01,3368226,88376,242572,5151, , ,7.20177327768386
World,2020-05-02,3447426,79200,248067,5495, , ,7.19571645627781
World,2020-05-03,3523799,76373,251578,3511, , ,7.13939699738833
World,2020-05-04,3601488,77689,255791,4213, , ,7.10236990932637
World,2020-05-05,3681990,80502,261614,5823, , ,7.10523385451889
World,2020-05-06,3772018,90028,268119,6505, , ,7.1081049984385
World,2020-05-07,3860724,88706,273429,5310, , ,7.08232445520581
World,2020-05-08,3951003,90279,278981,5552, , ,7.06101716450228
World,2020-05-09,4036226,85223,283206,4225, , ,7.01660412474425
World,2020-05-10,4111202,74976,286765,3559, , ,6.9752106561536
World,2020-05-11,4187833,76631,290251,3486, , ,6.93081600913886
World,2020-05-12,4272324,84491,295736,5485, , ,6.92213418270712
World,2020-05-13,4357304,84980,300868,5132, , ,6.90491184457178
World,2020-05-14,4453535,96231,306037,5169, , ,6.87177713883466
World,2020-05-15,4549267,95732,311258,5221, , ,6.84193739343063
World,2020-05-16,4643706,94439,315434,4176, , ,6.7927211584885
World,2020-05-17,4721728,78022,318621,3187, , ,6.74797447036339
World,2020-05-18,4810895,89167,322384,3763, , ,6.70112317978256
World,2020-05-19,4907670,96775,327031,4647, , ,6.66367135524597
World,2020-05-20,5009548,101878,331810,4779, , ,6.62355166573911
World,2020-05-21,5116192,106644,336469,4659, , ,6.57655146640314
World,2020-05-22,5222614,106422,341713,5244, , ,6.54294956510284
World,2020-05-23,5327418,104804,345640,3927, , ,6.48794594304408
World,2020-05-24,5421629,94211,348656,3016, , ,6.43083471775734
World,2020-05-25,5508346,86717,349868,1212, , ,6.35159810222524
World,2020-05-26,5602313,93967,354110,4242, , ,6.32078214837336
World,2020-05-27,5705075,102762,359166,5056, , ,6.29555264391792
World,2020-05-28,5824358,119283,363718,4552, , ,6.24477410214139
World,2020-05-29,5945261,120903,368326,4608, , ,6.19528730530081
World,2020-05-30,6081776,136515,372350,4024, , ,6.12238924945608
World,2020-05-31,6188184,106408,375042,2692, , ,6.06061487505866
World,2020-06-01,6284179,95995,378115,3073, , ,6.01693554559792
World,2020-06-02,6406143,121964,382792,4677, , ,5.97538955967733
World,2020-06-03,6520392,114249,388224,5432, , ,5.95399785779751
World,2020-06-04,6651336,130944,393258,5034, , ,5.91246630752078
World,2020-06-05,6782559,131223,397836,4578, , ,5.86557374583841
World,2020-06-06,6916296,133737,401605,3769, , ,5.80664852979109
World,2020-06-07,7028659,112363,404345,2740, , ,5.75280434005975
World,2020-06-08,7131156,102497,408047,3702, , ,5.72203160329125
World,2020-06-09,7256216,125060,412821,4774, , ,5.68920495200253
World,2020-06-10,7391321,135105,417864,5043, , ,5.65344138077618
World,2020-06-11,7529341,138020,422504,4640, , ,5.61143398871163
World,2020-06-12,7658106,128765,426713,4209, , ,5.57204353139014
World,2020-06-13,7793395,135289,430829,4116, , ,5.52812991000713
World,2020-06-14,7925679,132284,434229,3400, , ,5.47876087335861
World,2020-06-15,8045337,119658,437645,3416, , ,5.43973484267968
World,2020-06-16,8187421,142084,444355,6710, , ,5.42728900834585
World,2020-06-17,8331167,143746,449502,5147, , ,5.39542659509766
World,2020-06-18,8472230,141063,454412,4910, , ,5.36354655149825
World,2020-06-19,8652145,179915,460478,6066, , ,5.3221253226801
World,2020-06-20,8809593,157448,464587,4109, , ,5.27364885074713
World,2020-06-21,8937295,127702,468601,4014, , ,5.24320837568862
World,2020-06-22,9076656,139361,472163,3562, , ,5.20194882344335
World,2020-06-23,9243465,166809,477380,5217, , ,5.16451352387876
World,2020-06-24,9416059,172594,482555,5175, , ,5.12480858499294
World,2020-06-25,9594440,178381,487247,4692, , ,5.07843084119553
World,2020-06-26,9786037,191597,491995,4748, , ,5.02752033330755
World,2020-06-27,9964169,178132,496458,4463, , ,4.98243255408454
World,2020-06-28,10128040,163871,499624,3166, , ,4.93307688358261
World,2020-06-29,10283387,155347,503302,3678, , ,4.89432129705903
World,2020-06-30,10457929,174542,508187,4885, , ,4.8593464346526
World,2020-07-01,10675536,217607,513132,4945, , ,4.80661579896316
World,2020-07-02,10885481,209945,518207,5075, , ,4.76053377889319
World,2020-07-03,11086866,201385,523134,4927, , ,4.71850205459325
World,2020-07-04,11280675,193809,527538,4404, , ,4.67647547686641
World,2020-07-05,11464678,184003,531027,3489, , ,4.63185272189939
World,2020-07-06,11628653,163975,534872,3845, , ,4.59960409860024
World,2020-07-07,11840015,211362,540839,5967, , ,4.56789117243517
World,2020-07-08,12054174,214159,546114,5275, , ,4.53049707097309
World,2020-07-09,12281001,226827,551521,5407, , ,4.49084728516837
World,2020-07-10,12513675,232674,556820,5299, , ,4.44969203691162
World,2020-07-11,12730157,216482,561638,4818, , ,4.41187017567812
World,2020-07-12,12922431,192274,565625,3987, , ,4.37707889483024
World,2020-07-13,13113875,191444,569536,3911, , ,4.34300311692768
World,2020-07-14,13336063,222188,575133,5597, , ,4.31261459997602
World,2020-07-15,13567531,231468,580579,5446, , ,4.27917946161317
World,2020-07-16,13818843,251312,586351,5772, , ,4.2431265772395
World,2020-07-17,14061585,242742,593019,6668, , ,4.21729840554959
World,2020-07-18,14297763,236178,598616,5597, , ,4.18678082718255
World,2020-07-19,14511197,213434,602700,4084, , ,4.15334448288449
World,2020-07-20,14718313,207116,606910,4210, , ,4.12350246933871
World,2020-07-21,14951994,233681,613079,6169, , ,4.10031598461048
World,2020-07-22,15231862,279868,620026,6947, , ,4.07058572353137
World,2020-07-23,15514716,282854,629914,9888, , ,4.06010654658455
World,2020-07-24,15795790,281074,635944,6030, , ,4.02603478521809
World,2020-07-25,16049844,254054,641513,5569, , ,3.99700458147755
World,2020-07-26,16262880,213036,645226,3713, , ,3.96747685526795
World,2020-07-27,16489410,226530,650409,5183, , ,3.94440431768026
World,2020-07-28,16742195,252785,656674,6265, , ,3.92226945152652
World,2020-07-29,17033923,291728,663281,6607, , ,3.89388281254999
World,2020-07-30,17314023,280100,669331,6050, , ,3.86583175960896
World,2020-07-31,17604767,290744,675517,6186, , ,3.83712547857066
World,2020-08-01,17853105,248338,680972,5455, , ,3.8143056908028
World,2020-08-02,18084097,230992,685298,4326, , ,3.78950632702313
World,2020-08-03,18290572,206475,689984,4686, , ,3.77234785221588
World,2020-08-04,18548514,257942,696514,6530, , ,3.75509326515321
World,2020-08-05,18825089,276575,703565,7051, , ,3.73737940893666
World,2020-08-06,19110291,285202,710056,6491, , ,3.71556874774958
World,2020-08-07,19392530,282239,716344,6288, , ,3.69391719388857
World,2020-08-08,19651048,258518,721758,5414, , ,3.6728728157399
World,2020-08-09,19875731,224683,726331,4573, , ,3.65436119053936
World,2020-08-10,20101760,226029,731683,5352, , ,3.63989521315546
World,2020-08-11,20359330,257570,737882,6199, , ,3.62429411969844
World,2020-08-12,20635977,276647,744450,6568, , ,3.60753454997551
World,2020-08-13,20925193,289216,750664,6214, , ,3.5873695406298
World,2020-08-14,21228941,303748,760803,10139, , ,3.58380100071878
World,2020-08-15,21476649,247708,766159,5356, , ,3.56740476598561
World,2020-08-16,21691119,214470,770423,4264, , ,3.55179002060705
World,2020-08-17,21898851,207732,774604,4181, , ,3.53719014755614
World,2020-08-18,22157107,258256,781411,6807, , ,3.52668333460681
World,2020-08-19,22436697,279590,788138,6727, , ,3.51271847188559
World,2020-08-20,22709251,272554,794210,6072, , ,3.49729720280074
World,2020-08-21,22970456,261205,799648,5438, , ,3.48120211457709
World,2020-08-22,23234707,264251,805146,5498, , ,3.46527287819898
World,2020-08-23,23440856,206149,809100,3954, , ,3.45166575828118
World,2020-08-24,23666124,225268,813606,4506, , ,3.43785065944892
World,2020-08-25,23910125,244001,819892,6286, , ,3.42905777364192
World,2020-08-26,24193918,283793,826118,6226, , ,3.41456890115937
World,2020-08-27,24477813,283895,832014,5896, , ,3.39905366545614
World,2020-08-28,24761440,283627,837543,5529, , ,3.3824486782675
World,2020-08-29,25025233,263793,842865,5322, , ,3.36806054912656
World,2020-08-30,25246198,220965,846910,4045, , ,3.35460412692636
World,2020-08-31,25509089,262891,851087,4177, , ,3.33640687834834
World,2020-09-01,25774014,264925,857486,6399, , ,3.3269400722759
World,2020-09-02,26057518,283504,863595,6109, , ,3.3141874832438
World,2020-09-03,26338937,281419,869279,5684, , ,3.30035718601704
World,2020-09-04,26652953,314016,875148,5869, , ,3.28349357761596
World,2020-09-05,26922944,269991,880088,4940, , ,3.26891442481179
World,2020-09-06,27153409,230465,883934,3846, , ,3.25533342793165
World,2020-09-07,27371291,217882,893308,9374, , ,3.26366776050132
World,2020-09-08,27613490,242199,898221,4913, , ,3.25283403148244
World,2020-09-09,27898312,284822,904326,6105, , ,3.24150794499682
World,2020-09-10,28198188,299876,910130,5804, , ,3.22761873918991
World,2020-09-11,28519558,321370,915981,5851, , ,3.211764361846
World,2020-09-12,28806136,286578,920862,4881, , ,3.19675641328639
World,2020-09-13,29048855,242719,924577,3715, , ,3.1828345729978
World,2020-09-14,29312607,263752,929017,4440, , ,3.16934280188726
World,2020-09-15,29598069,285462,935443,6426, , ,3.16048658444576
World,2020-09-16,29902604,304535,941223,5780, , ,3.14762888208666
World,2020-09-17,30217490,314886,946691,5468, , ,3.13292401188848
World,2020-09-18,30543411,325921,952359,5668, , ,3.11805056743662
World,2020-09-19,30835530,292119,957638,5279, , ,3.10563171769709
World,2020-09-20,31087644,252114,961377,3739, , ,3.09247300953395
World,2020-09-21,31363730,276086,965479,4102, , ,3.07832965020423
World,2020-09-22,31648244,284514,971451,5972, , ,3.06952575315079
World,2020-09-23,31924336,276092,977061,5610, , ,3.06055230091551
World,2020-09-24,32277373,353037,983715,6654, , ,3.04769226417528
World,2020-09-25,32608243,330870,989618,5903, , ,3.03487066138461
World,2020-09-26,32896685,288442,994963,5345, , ,3.02450839651473
World,2020-09-27,33148076,251391,998650,3687, , ,3.01269370807524
World,2020-09-28,33402856,254780,1002625,3975, , ,3.00161459247676
World,2020-09-29,33685524,282668,1008528,5903, , ,2.99395075463276
World,2020-09-30,34011734,326210,1014992,6464, , ,2.98424067411559
World,2020-10-01,34330037,318303,1023707,8715, , ,2.98195717062583
World,2020-10-02,34627903,297866,1028643,4936, , ,2.97056105303287
World,2020-10-03,34959947,332044,1034007,5364, , ,2.95769041068626
World,2020-10-04,35221344,261397,1037846,3839, , ,2.94663940138116
World,2020-10-05,35522367,301023,1044792,6946, , ,2.94122292019561
World,2020-10-06,35848886,326519,1050568,5776, , ,2.9305457357866
World,2020-10-07,36199883,350997,1056404,5836, , ,2.9182525258438
World,2020-10-08,36561210,361327,1062682,6278, , ,2.9065832339794
World,2020-10-09,36922107,360897,1068832,6150, , ,2.89482937688253
World,2020-10-10,37279208,357101,1073714,4882, , ,2.8801953088703
World,2020-10-11,37566120,286912,1077747,4033, , ,2.86893349645904
World,2020-10-12,37857886,291766,1081730,3983, , ,2.85734390979993
World,2020-10-13,38177145,319259,1087016,5286, , ,2.84729515525585
World,2020-10-14,38559479,382334,1093089,6073, , ,2.83481267991199
World,2020-10-15,38966463,406984,1099204,6115, , ,2.82089754977248
World,2020-10-16,39378234,411771,1105389,6185, , ,2.80710658583623
World,2020-10-17,39750891,372657,1110986,5597, , ,2.79487068604324
World,2020-10-18,40067454,316563,1114528,3542, , ,2.78162919959926
World,2020-10-19,40454664,387210,1119364,4836, , ,2.76695908288844
World,2020-10-20,40843666,389002,1125918,6554, , ,2.75665264719381
World,2020-10-21,41288556,444890,1132548,6630, , ,2.74300704534206
World,2020-10-22,41761275,472719,1138483,5935, , ,2.72616916030461
World,2020-10-23,42258073,496798,1145454,6971, , ,2.71061579168553
World,2020-10-24,42714857,456784,1151271,5817, , ,2.69524722978705
World,2020-10-25,43075510,360653,1155482,4211, , ,2.6824569227387
World,2020-10-26,43561921,486411,1160999,5517, , ,2.6651694262978
World,2020-10-27,44032154,470233,1168371,7372, , ,2.6534495677863
World,2020-10-28,44544026,511872,1175531,7160, , ,2.63903177499043
World,2020-10-29,45094441,550415,1182617,7086, , ,2.62253389503154
World,2020-10-30,45665496,571055,1190216,7599, , ,2.60637922338564
World,2020-10-31,46142261,476765,1196794,6578, , ,2.59370471681047
World,2020-11-01,46604645,462384,1201804,5010, , ,2.57872149868323
World,2020-11-02,47167772,563127,1207908,6104, , ,2.56087567587462
World,2020-11-03,47721517,553745,1217253,9345, , ,2.55074246696726
World,2020-11-04,48233069,511552,1227504,10251, , ,2.54494276530486
World,2020-11-05,48829627,596558,1235518,8014, , ,2.53026303068012
World,2020-11-06,49474481,644854,1245179,9661, , ,2.51681063617423
World,2020-11-07,50071373,596892,1252779,7600, , ,2.50198651433025
World,2020-11-08,50555347,483974,1258654,5875, , ,2.48965554523837
World,2020-11-09,51056879,501532,1265877,7223, , ,2.47934661262785
World,2020-11-10,51616256,559377,1275870,9993, , ,2.47183755443246
World,2020-11-11,52264862,648606,1286321,10451, , ,2.46115832086192
World,2020-11-12,52914405,649543,1296087,9766, , ,2.44940295558459
World,2020-11-13,53566478,652073,1305675,9588, , ,2.43748524963691
World,2020-11-14,54161448,594970,1314757,9082, , ,2.42747756670021
World,2020-11-15,54635389,473941,1321182,6425, , ,2.41817990899635
World,2020-11-16,55169846,534457,1329136,7954, , ,2.40917112583566
World,2020-11-17,55781066,611220,1340207,11071, , ,2.40261991407622
World,2020-11-18,56408169,627103,1351621,11414, , ,2.39614407622414
World,2020-11-19,57061754,653585,1362654,11033, , ,2.38803384838118
World,2020-11-20,57730498,668744,1374541,11887, , ,2.38096161928137
World,2020-11-21,58318062,587564,1383513,8972, , ,2.37235764110268
World,2020-11-22,58806043,487981,1390708,7195, , ,2.36490661342407
World,2020-11-23,59331362,525319,1399234,8526, , ,2.35833790567626
World,2020-11-24,59921623,590261,1411894,12660, , ,2.35623457662353
World,2020-11-25,60557847,636224,1424025,12131, , ,2.35151193535662
World,2020-11-26,61140322,582475,1434913,10888, , ,2.34691763644948
World,2020-11-27,61827470,687148,1446300,11387, , ,2.33925146864331
World,2020-11-28,62413501,586031,1455583,9283, , ,2.33216047277976
World,2020-11-29,62902084,488583,1462743,7160, , ,2.32542851839376
World,2020-11-30,63410725,508641,1471623,8880, , ,2.32077933188747
World,2020-12-01,64022822,612097,1484309,12686, , ,2.3184060833807
World,2020-12-02,64674220,651398,1496898,12589,0,0,2.31452037612514
World,2020-12-03,65368548,694328,1509473,12575,0,0,2.30917321278117
World,2020-12-04,66051824,683276,1521993,12520,0,0,2.30424068228608
World,2020-12-05,66693987,642163,1532282,10289,0,0,2.29748148060184
World,2020-12-06,67232741,538754,1539710,7428,0,0,2.29011933337658
World,2020-12-07,67752760,520019,1548425,8715,0,0,2.28540505213367
World,2020-12-08,68396288,643528,1560705,12280,0,0,2.28185629021271
World,2020-12-09,69066199,669911,1573425,12720,0,0,2.27814042582537
World,2020-12-10,70564412,707054,1586121,12696,0,0,2.24776336264235
World,2020-12-11,71268909,704497,1599149,13028,0,0,2.24382416180946
World,2020-12-12,71903759,634850,1609694,10545,0,0,2.23867850914442
World,2020-12-13,72434597,530838,1617153,7459,0,0,2.23256988645909
World,2020-12-14,72959984,525387,1626325,9172,0,0,2.22906435944394
World,2020-12-15,73596190,636206,1640278,13953,.02,0,2.2287539613124
World,2020-12-16,74329916,733726,1653937,13659,.02,0,2.22512965035505
World,2020-12-17,75069498,739582,1667388,13451,.02,0,2.22112581597389
World,2020-12-18,75789960,720462,1680178,12790,.02,0,2.21688730275092
World,2020-12-19,76401213,611253,1690950,10772,.02,0,2.21325020062181
World,2020-12-20,76934686,533473,1698865,7915,.03,.01,2.20819124419381
World,2020-12-21,77483983,549297,1708512,9647,.03,.01,2.20498731976646
World,2020-12-22,78134244,650261,1722825,14313,.03,.01,2.2049551026564
World,2020-12-23,78829366,695122,1736628,13803,.04,.02,2.20302165058641
World,2020-12-24,79496006,666640,1748259,11631,.04,.02,2.19917840903856
World,2020-12-25,79961556,465550,1756861,8602,.04,.02,2.19713208182192
World,2020-12-26,80474158,512602,1764260,7399,.05,.03,2.19233110832921
World,2020-12-27,80912611,438453,1771659,7399,.05,.03,2.18959563670489
World,2020-12-28,81408934,496323,1781415,9756,.06,.04,2.18823034828094
World,2020-12-29,82073362,664428,1796581,15166,.06,.04,2.18899403682281
World,2020-12-30,82834592,761230,1811843,15262,.07,.05,2.18730237724838
World,2020-12-31,83559601,725009,1825012,13169,.12,.06,2.18408414851095
World,2021-01-01,84092619,533018,1834675,9663,.12,.06,2.18173131223324
World,2021-01-02,84718978,626359,1843108,8433,.15,.09,2.17555504505732
World,2021-01-03,85251774,532796,1850449,7341,.17,.11,2.17056949454213
World,2021-01-04,85805892,554118,1860598,10149,.18,.12,2.16838023197754
World,2021-01-05,86546014,740122,1875933,15335,.2,.13,2.16755563115824
World,2021-01-06,87329386,783372,1890986,15053,.21,.14,2.16534901550779
World,2021-01-07,88210223,880837,1905926,14940,.23,.16,2.1606633961236
World,2021-01-08,89013445,803222,1921092,15166,.25,.17,2.15820430273202
World,2021-01-09,89774439,760994,1933877,12785,.31,.18,2.15415102733196
World,2021-01-10,90363573,589134,1942225,8348,.33,.2,2.14934506850454
World,2021-01-11,90983503,619930,1952549,10324,.37,.24,2.14604728947401
World,2021-01-12,91689011,705508,1969653,17104,.39,.25,2.14818872896339
World,2021-01-13,92437399,748388,1986359,16706,.43,.27,2.14886942026571
World,2021-01-14,93192627,755228,2001730,15371,.46,.29,2.14794889299558
World,2021-01-15,93959814,767187,2016841,15111,.5,.31,2.14649318058463
World,2021-01-16,94598958,639144,2030089,13248,.51,.32,2.14599509647876
World,2021-01-17,95128170,529212,2038753,8664,.52,.33,2.14316432240839
World,2021-01-18,95643236,515066,2048179,9426,.54,.35,2.14147814906639
World,2021-01-19,96251662,608426,2064762,16583,.61,.4,2.14517023093066
World,2021-01-20,96944599,692937,2082668,17906,.7,.43,2.14830740596493
World,2021-01-21,97600922,656323,2099457,16789,.74,.45,2.1510626713137
World,2021-01-22,98259983,659061,2115478,16021,.79,.49,2.15293951353523
World,2021-01-23,98828107,568124,2128772,13294,.83,.52,2.15401474805138
World,2021-01-24,99273761,445654,2137740,8968,.86,.55,2.15337867576106
World,2021-01-25,99771101,497340,2148508,10768,.9,.57,2.15343719620775
World,2021-01-26,100327339,556238,2165816,17308,.93,.6,2.15874957074263
World,2021-01-27,100925700,598361,2182496,16680,1.07,.63,2.16247794169374
World,2021-01-28,101539951,614251,2199547,17051,1.13,.67,2.16618875461147
World,2021-01-29,102130394,590443,2214494,14947,1.18,.7,2.16830065298681
World,2021-01-30,102645724,515330,2228080,13586,1.23,.74,2.17065057673518
World,2021-01-31,103027363,381639,2236070,7990,1.28,.76,2.17036516794087
World,2021-02-01,103474137,446774,2246288,10218,1.32,.79,2.17086903561225
World,2021-02-02,103932094,457957,2261124,14836,1.36,.81,2.17557821937081
World,2021-02-03,104454075,521981,2276852,15728,1.49,.84,2.17976369040653
World,2021-02-04,104920982,466907,2289386,12534,1.55,.88,2.18200969563933
World,2021-02-05,105456410,535428,2305957,16571,1.61,.92,2.18664469992862
World,2021-02-06,105828535,372125,2316094,10137,1.67,.95,2.18853450064295
World,2021-02-07,106226613,398078,2324080,7986,1.71,.98,2.18785098608011
World,2021-02-08,106542506,315893,2332412,8332,1.75,1.01,2.18918447441062
World,2021-02-09,106970539,428033,2347949,15537,1.92,1.04,2.19494920933324
World,2021-02-10,107406280,435741,2361352,13403,1.98,1.08,2.19852321484368
World,2021-02-11,107847745,441465,2374826,13474,2.04,1.12,2.20201729762639
World,2021-02-12,108276434,428689,2387299,12473,2.11,1.2,2.20481864040702
World,2021-02-13,108649735,373301,2397104,9805,2.18,1.24,2.20626769131098
World,2021-02-14,108943585,293850,2403466,6362,2.23,1.28,2.20615651669623
World,2021-02-15,109226751,283166,2410360,6894,2.27,1.31,2.20674878446215
World,2021-02-16,109577771,351020,2421278,10918,2.34,1.36,2.20964341390007
World,2021-02-17,109973326,395555,2432617,11339,2.41,1.4,2.21200639144078
World,2021-02-18,110376842,403516,2443987,11370,2.49,1.44,2.21422080548382
World,2021-02-19,110789361,412519,2455035,11048,2.56,1.52,2.21594833460588
World,2021-02-20,111159816,370455,2463547,8512,2.61,1.55,2.21622083289523
World,2021-02-21,111474262,314446,2469427,5880,2.66,1.58,2.21524408925892
World,2021-02-22,111762700,288438,2476376,6949,2.71,1.61,2.21574460889009
World,2021-02-23,112151553,388853,2487556,11180,2.76,1.68,2.21803081050514
World,2021-02-24,112596489,444936,2499559,12003,2.84,1.73,2.21992623588823
World,2021-02-25,113043967,447478,2509724,10165,2.91,1.77,2.22013086288807
World,2021-02-26,113487006,443039,2519974,10250,2.99,1.82,2.22049562220366
World,2021-02-27,113876236,389230,2528114,8140,3.07,1.87,2.22005405939129
World,2021-02-28,114179745,303509,2533548,5434,3.28,1.9,2.21891194449593
World,2021-03-01,114485609,305864,2540757,7209,3.34,1.95,2.21928067832526
World,2021-03-02,114795897,310288,2551191,10434,3.48,2.05,2.22237124032403
World,2021-03-03,115237039,441142,2562264,11073,3.57,2.11,2.22347261109338
World,2021-03-04,115690088,453049,2572042,9778,3.68,2.18,2.22321725608853
World,2021-03-05,116137142,447054,2582059,10017,3.78,2.26,2.22328443384632
World,2021-03-06,116547675,410533,2589891,7832,3.88,2.32,2.2221730291917
World,2021-03-07,116915987,368312,2595165,5274,3.95,2.37,2.21968360922275
World,2021-03-08,117214710,298723,2602025,6860,4.04,2.43,2.21987922846885
World,2021-03-09,117629375,414665,2612006,9981,4.12,2.5,2.22053887474961
World,2021-03-10,118096454,467079,2621697,9691,4.24,2.58,2.21996250624087
World,2021-03-11,118573350,476896,2631464,9767,4.34,2.64,2.21927102506592
World,2021-03-12,119062678,489328,2641092,9628,4.47,2.73,2.21823668370705
World,2021-03-13,119516794,454116,2649078,7986,4.6,2.83,2.21649017794102
World,2021-03-14,119877179,360385,2654577,5499,4.81,2.87,2.21441397115292
World,2021-03-15,120226080,348901,2661398,6821,4.94,2.96,2.21366112909944
World,2021-03-16,120699093,473013,2671288,9890,5.04,3.03,2.21317984551881
World,2021-03-17,121238378,539285,2681413,10125,5.18,3.11,2.21168663275914
World,2021-03-18,121792101,553723,2691987,10574,5.3,3.2,2.21031329445577
World,2021-03-19,122353780,561679,2702386,10399,5.46,3.31,2.20866572328211
World,2021-03-20,122852600,498820,2710432,8046,5.71,3.41,2.20624716123224
World,2021-03-21,123275915,423315,2716233,5801,5.79,3.46,2.2033768721165
World,2021-03-22,123692736,416821,2723729,7496,5.99,3.56,2.20201208905267
World,2021-03-23,124206981,514245,2734835,11106,6.16,3.65,2.20183678725755
World,2021-03-24,124840562,633581,2744557,9722,6.34,3.75,2.19844973142623
World,2021-03-25,125491912,651350,2755896,11339,6.54,3.85,2.19607459642499
World,2021-03-26,126133263,641351,2768118,12222,6.78,3.96,2.19459794677634
World,2021-03-27,126717855,584592,2777955,9837,6.97,4.05,2.19223644529021
World,2021-03-28,127187813,469958,2784435,6480,7.12,4.11,2.18923097608416
World,2021-03-29,127646218,458405,2792398,7963,7.31,4.19,2.18760731320688
World,2021-03-30,128214491,568273,2803971,11573,7.48,4.27,2.18693766837947
World,2021-03-31,128897696,683205,2816248,12277,7.72,4.4,2.18487070552448
World,2021-04-01,129609483,711787,2828123,11875,7.97,4.52,2.18203401058239
World,2021-04-02,130243222,633739,2838382,10259,8.25,4.65,2.17929344530497
World,2021-04-03,130772665,529443,2846779,8397,8.43,4.75,2.17689147804704
World,2021-04-04,131325468,552803,2853709,6930,8.59,4.84,2.17300501072648
World,2021-04-05,131815052,489584,2861183,7474,8.76,4.94,2.17060415831722
World,2021-04-06,132419139,604087,2873010,11827,8.97,5.06,2.16963349988252
World,2021-04-07,133103485,684346,2887858,14848,9.19,5.19,2.16963365008812
World,2021-04-08,133943335,839850,2902512,14654,9.49,5.35,2.16697008477503
World,2021-04-09,134691380,748045,2915934,13422,9.76,5.48,2.16490023340766
World,2021-04-10,135355887,664507,2928349,12415,9.99,5.61,2.16344413597615
World,2021-04-11,136046628,690741,2936924,8575,10.16,5.71,2.15876280300016
World,2021-04-12,136663253,616625,2946232,9308,10.4,5.83,2.15583336070597
World,2021-04-13,137442820,779567,2959574,13342,10.64,5.97,2.15331291951082
World,2021-04-14,138259845,817025,2973125,13551,10.87,6.1,2.1503893628696
World,2021-04-15,139076606,816761,2986338,13213,11.1,6.21,2.14726120078024
World,2021-04-16,139931461,854855,2999175,12837,11.32,6.32,2.14331714867181
World,2021-04-17,140719503,788042,3011198,12023,11.5,6.41,2.13985832511077
World,2021-04-18,141404998,685495,3019823,8625,11.69,6.5,2.13558434476269
World,2021-04-19,142098420,693422,3030332,10509,11.88,6.6,2.13255854639341
World,2021-04-20,142952845,854425,3044533,14201,12.04,6.69,2.12974635097329
World,2021-04-21,143842820,889975,3058651,14118,12.27,6.79,2.12638420186701
World,2021-04-22,144742575,899755,3072396,13745,12.55,6.9,2.12266225055068
World,2021-04-23,145646322,903747,3086756,14360,12.79,6.99,2.11935046324067
World,2021-04-24,146467262,820940,3100051,13295,12.96,7.06,2.11654874793795
World,2021-04-25,147189618,722356,3109724,9673,13.21,7.18,2.11273324997691
World,2021-04-26,147872402,682784,3120896,11172,13.43,7.26,2.11053310677945
World,2021-04-27,148716872,844470,3135393,14497,13.68,7.36,2.10829676406857
World,2021-04-28,149622864,905992,3151122,15729,13.99,7.48,2.10604309779821
World,2021-04-29,150520466,897602,3166125,15003,14.31,7.6,2.10345150007707
World,2021-04-30,151399480,879014,3180403,14278,14.62,7.69,2.10066969846924
World,2021-05-01,152196159,796679,3192977,12574,14.82,7.76,2.09793533619991
World,2021-05-02,152870507,674348,3202930,9953,14.98,7.81,2.09519158590872
World,2021-05-03,153552097,681590,3214016,11086,15.15,7.88,2.09311110873334
World,2021-05-04,154359533,807436,3227921,13905,15.39,7.97,2.09117048831704
World,2021-05-05,155200757,841224,3242126,14205,15.65,8.07,2.08898852213717
World,2021-05-06,156070729,869972,3256371,14245,15.95,8.18,2.08647132032042
World,2021-05-07,156902287,831558,3270109,13738,16.29,8.28,2.08416911093208
World,2021-05-08,157688833,786546,3283286,13177,16.54,8.35,2.08212968384388
World,2021-05-09,158330372,641539,3293188,9902,16.75,8.42,2.07994711210557
World,2021-05-10,158952301,621929,3303957,10769,17.04,8.52,2.07858393946748
World,2021-05-11,159690774,738473,3317579,13622,17.36,8.64,2.07750198518043
World,2021-05-12,160450873,760099,3331516,13937,17.7,8.75,2.07634644655377
World,2021-05-13,161176148,725275,3344655,13139,18.04,8.85,2.07515506574831
World,2021-05-14,161894208,718060,3357785,13130,18.37,8.94,2.07406122892303
World,2021-05-15,162521726,627938,3369435,11654,18.67,9.02,2.07322127504356
World,2021-05-16,163070287,548561,3379526,10091,18.98,9.1,2.07243518250508
World,2021-05-17,163610341,540054,3390170,10644,19.33,9.19,2.07210007587479
World,2021-05-18,164232884,622543,3404419,14249,19.69,9.31,2.07292164460803
World,2021-05-19,164904479,671595,3417763,13344,20.04,9.41,2.07257135811332
World,2021-05-20,165184361,643964,3430539,12776,20.48,9.54,2.07679406163638
World,2021-05-21,165810761,626400,3443314,12775,20.85,9.63,2.07665291398066
World,2021-05-22,166388937,578176,3454660,11346,21.2,9.74,2.07625582703254
World,2021-05-23,166865450,476513,3464212,9552,21.51,9.82,2.07605109386035
World,2021-05-24,167320095,454645,3473036,8824,21.87,9.97,2.07568373661275
World,2021-05-25,167852305,532210,3485788,12752,22.39,10.14,2.07669951270553
World,2021-05-26,168420969,568664,3498544,12756,22.84,10.26,2.07726153149018
World,2021-05-27,168975773,554804,3511297,12753,23.27,10.4,2.07798842263618
World,2021-05-28,169476174,500401,3523117,11820,23.69,10.51,2.07882731645806
World,2021-05-29,169957473,481299,3533619,10502,24.04,10.6,2.07911952185827
World,2021-05-30,170195748,238275,3538196,4577, , ,2.07889799926142
